antibiotic,feature_id,coefficient,display_name,direction
TOB,gene__aac_2_Iia__9c86f637dab6,-0.1415514372615564,aac(2')-Iia,toward_susceptible
TOB,gene__aac_3_IId__0ca553a3e15f,0.1868270305887172,aac(3)-IId,toward_resistant
TOB,gene__aac_3_IIe__0590cef7e34d,0.19432374689555906,aac(3)-IIe,toward_resistant
TOB,gene__aac_3_IIg__f145d4456597,0.24258658852355033,aac(3)-IIg,toward_resistant
TOB,gene__aac_3_IVa__74bd15e0ab3f,0.2888541745773911,aac(3)-IVa,toward_resistant
TOB,gene__aac_6_Ib4__83a5f45c9699,0.18697036384566365,aac(6')-Ib4,toward_resistant
TOB,gene__aac_6_Ib_AKT__5ca650df53c2,0.6871000302142292,aac(6')-Ib-AKT,toward_resistant
TOB,gene__aac_6_Ib__22bae5c8a74e,0.11753501227883893,aac(6')-Ib,toward_resistant
TOB,gene__aac_6_Ib_cr5__ec16b29386f5,0.9199454432449127,aac(6')-Ib-cr5,toward_resistant
TOB,gene__aac_6_Ib_G__566c8f5f56fc,0.05644888387696457,aac(6')-Ib-G,toward_resistant
TOB,gene__aac_6_IIc__5125879a4c57,0.24258658852355033,aac(6')-IIc,toward_resistant
TOB,gene__aac_6_Il__43e6a7176631,0.025729452296436434,aac(6')-Il,toward_resistant
TOB,gene__aadA1__15687b499fd6,0.6375043797880924,aadA1,toward_resistant
TOB,gene__aadA16__3e668ce14552,0.18697036384566365,aadA16,toward_resistant
TOB,gene__aadA2__d33a4eec592a,0.29030253078970353,aadA2,toward_resistant
TOB,gene__ant_2_Ia__4f7da569764e,0.16714550001291908,ant(2'')-Ia,toward_resistant
TOB,gene__aph_3_Ia__3d72b1a8886b,0.003812154778898141,aph(3')-Ia,toward_resistant
TOB,gene__aph_3_Ib__42354e4cc2ec,0.1782797220719785,aph(3'')-Ib,toward_resistant
TOB,gene__aph_3_VI__709faaabdc88,0.1906423653579746,aph(3')-VI,toward_resistant
TOB,gene__aph_3_Vib__d9a2b83d591e,0.0,aph(3')-Vib,none
TOB,gene__aph_3_XV__54118836b92b,0.0,aph(3')-XV,none
TOB,gene__aph_4_Ia__37a4ead2ddca,0.2888541745773911,aph(4)-Ia,toward_resistant
TOB,gene__aph_6_Id__f94324227069,-0.2558155854237275,aph(6)-Id,toward_susceptible
TOB,gene__armA__1e3e7a5cbbf7,0.34212983514708356,armA,toward_resistant
TOB,gene__arr_2__3f94280a4461,0.3514311164639428,arr-2,toward_resistant
TOB,gene__arr_269927220__e45b2c03e53a,0.24258658852355033,arr-269927220,toward_resistant
TOB,gene__arr_3__3ee789662ef8,0.21936581417432158,arr-3,toward_resistant
TOB,gene__arr_8_like__f42aa4ad0eab,0.12672006941124372,arr-8-like,toward_resistant
TOB,gene__blaCARB_2__24c64e94426d,-0.08466439703516704,blaCARB-2,toward_susceptible
TOB,gene__blaCMY_4__1b7453f819b2,0.01922474938974278,blaCMY-4,toward_resistant
TOB,gene__blaCTX_M_14__fc9c58acd0f5,-0.0536633234224697,blaCTX-M-14,toward_susceptible
TOB,gene__blaCTX_M_15__b1d9b9d47471,1.1403544376747043,blaCTX-M-15,toward_resistant
TOB,gene__blaCTX_M_3__3ded50be1fb4,-0.14173145211050503,blaCTX-M-3,toward_susceptible
TOB,gene__blaCTX_M_55__1df213c735c7,0.0,blaCTX-M-55,none
TOB,gene__blaDHA_1__e60f091f95c5,0.1507077990761282,blaDHA-1,toward_resistant
TOB,gene__blaFOX_5__8b528f2222bf,0.0,blaFOX-5,none
TOB,gene__blaGES_5__35846c68064b,0.12672006941124372,blaGES-5,toward_resistant
TOB,gene__blaIMP_15__80046691531c,0.18697036384566365,blaIMP-15,toward_resistant
TOB,gene__blaKPC_2__1215ec196a62,-0.07071112325202931,blaKPC-2,toward_susceptible
TOB,gene__blaKPC_3__4f23d51e3cfe,0.13876506815377918,blaKPC-3,toward_resistant
TOB,gene__blaNDM_1__47f592955a0b,0.4957996371996017,blaNDM-1,toward_resistant
TOB,gene__blaNDM_5__97581221d5db,0.13476687070456142,blaNDM-5,toward_resistant
TOB,gene__blaNDM_7__83931ed5221d,0.0,blaNDM-7,none
TOB,gene__blaOXA_1__33637d4ebdae,1.1594629919639277,blaOXA-1,toward_resistant
TOB,gene__blaOXA_10__c7efc8d7affe,0.16021536188241683,blaOXA-10,toward_resistant
TOB,gene__blaOXA_9__b5c8a779ea6c,0.02909618566576664,blaOXA-9,toward_resistant
TOB,gene__blaOXA_181__cb068f61c2a5,0.3055200674922301,blaOXA-181,toward_resistant
TOB,gene__blaOXA_232__dac1198d664c,0.08737257265363897,blaOXA-232,toward_resistant
TOB,gene__blaOXA_48__a80281b6de74,0.4314698158224541,blaOXA-48,toward_resistant
TOB,gene__blaOXA_2__06018aa29e0a,-0.08422284581246704,blaOXA-2,toward_susceptible
TOB,gene__blaSHV_1__2856649d1151,-0.146998536353834,blaSHV-1,toward_susceptible
TOB,gene__blaSHV_11__6cfbd3be8d6f,-0.30420734138892286,blaSHV-11,toward_susceptible
TOB,gene__blaSHV_119__8313292abae2,-0.07120314975143005,blaSHV-119,toward_susceptible
TOB,gene__blaSHV_142__712c82344f14,-0.03273470456974624,blaSHV-142,toward_susceptible
TOB,gene__blaSHV_168__2919af75fa14,0.04733294060616294,blaSHV-168,toward_resistant
TOB,gene__blaSHV_187__5da02ed84baa,0.15033216289428777,blaSHV-187,toward_resistant
TOB,gene__blaSHV_202__381586083ab1,-0.3783447463260887,blaSHV-202,toward_susceptible
TOB,gene__blaSHV_207__92e0baed85d1,-0.07120314975143005,blaSHV-207,toward_susceptible
TOB,gene__blaSHV_26__e7d7b216e895,-0.14360788672681335,blaSHV-26,toward_susceptible
TOB,gene__blaSHV_27__0faf55eb38a5,-0.40563916539919564,blaSHV-27,toward_susceptible
TOB,gene__blaSHV_28__848c9d283ddc,0.055668526019931094,blaSHV-28,toward_resistant
TOB,gene__blaSHV_32__8f68dd883c23,0.0,blaSHV-32,none
TOB,gene__blaSHV_171__b46a6a5c3496,-0.05659147729216061,blaSHV-171,toward_susceptible
TOB,gene__blaSHV_36__de8aa5462be7,-0.07120314975143005,blaSHV-36,toward_susceptible
TOB,gene__blaSHV_52__3c738e9bcfdd,0.028757041165525885,blaSHV-52,toward_resistant
TOB,gene__blaSHV_60__82babea88ffe,-0.13429135080977395,blaSHV-60,toward_susceptible
TOB,gene__blaSHV_71__64710cc2e056,0.028757041165525885,blaSHV-71,toward_resistant
TOB,gene__blaSHV_75__8cfb7212ad81,-0.07120314975143005,blaSHV-75,toward_susceptible
TOB,gene__blaSHV_76__e4bc5c5d4260,0.03685542094211755,blaSHV-76,toward_resistant
TOB,gene__blaSHV_77__dd4db7d5427c,-0.07120314975143005,blaSHV-77,toward_susceptible
TOB,gene__blaSHV_5__766b16a665e3,-0.08422284581246704,blaSHV-5,toward_susceptible
TOB,gene__blaSHV_12__d89ed9fb6a79,0.6863685333778619,blaSHV-12,toward_resistant
TOB,gene__blaTEM_1__4f26c2c6a7cc,1.2102767778173609,blaTEM-1,toward_resistant
TOB,gene__blaVIM_1__b8633f36b0b4,0.0,blaVIM-1,none
TOB,gene__blaVIM_4__ed55a8109914,0.025729452296436434,blaVIM-4,toward_resistant
TOB,gene__catA1__660cc15104bb,0.44149424450042507,catA1,toward_resistant
TOB,gene__catA2__4347443d0785,0.024090616742464297,catA2,toward_resistant
TOB,gene__catB__4c7c8bd128b1,0.36196895136919466,catB,toward_resistant
TOB,gene__catB11__47750f628385,0.0,catB11,none
TOB,gene__catB2__9d488614d805,0.0,catB2,none
TOB,gene__catB3__bc428193ee96,0.9385680832841472,catB3,toward_resistant
TOB,gene__cmlA1__9fa4d895cb79,0.3023658971378288,cmlA1,toward_resistant
TOB,gene__cmlA5__e8c84368d378,0.30493067426179077,cmlA5,toward_resistant
TOB,gene__cmlA6__c45345700937,0.0,cmlA6,none
TOB,gene__dfr7__3de314457e0d,-0.08422284581246704,dfr7,toward_susceptible
TOB,gene__dfrA1__408cd02e6001,-0.18491702088089443,dfrA1,toward_susceptible
TOB,gene__dfrA12__c420466a1d49,0.39419167721461335,dfrA12,toward_resistant
TOB,gene__dfrA14__a289266e0f01,0.5028973516630589,dfrA14,toward_resistant
TOB,gene__dfrA18__6dc5a8b3fa07,-0.059539512416477036,dfrA18,toward_susceptible
TOB,gene__dfrA19__e643d9e8c22f,0.24258658852355033,dfrA19,toward_resistant
TOB,gene__dfrA27__1e67f448c6dd,0.18697036384566365,dfrA27,toward_resistant
TOB,gene__dfrA32__75c81905d551,0.0,dfrA32,none
TOB,gene__dfrA5__bdab96a3ae19,0.15581625507701038,dfrA5,toward_resistant
TOB,gene__dfrA7__abb2cd32375d,0.052601092583009365,dfrA7,toward_resistant
TOB,gene__dfrA8__c720609f7e1a,-0.10474558107761676,dfrA8,toward_susceptible
TOB,gene__erm_42__495068371c67,0.0,erm(42),none
TOB,gene__erm_B__25b1a1f314ce,0.1148580221670118,erm(B),toward_resistant
TOB,gene__ermC__1cc08102c15e,-0.14173145211050503,ermC,toward_susceptible
TOB,gene__floR__0150b5a65352,-0.08466439703516704,floR,toward_susceptible
TOB,gene__floR2__0d9f4cbd30dc,0.0032992646628912724,floR2,toward_resistant
TOB,gene__fosA_gen__9f8699db5899,-1.1236133599647422,fosA_gen,toward_susceptible
TOB,gene__fosA5__20fcb919317e,-0.2685823229540915,fosA5,toward_susceptible
TOB,gene__fosA7__ca8d29f760ba,-0.25988533778130546,fosA7,toward_susceptible
TOB,gene__fosA7_3__9858be559cf3,-0.06996935583013582,fosA7.3,toward_susceptible
TOB,gene__mcr_1_1__cfcbc4d2489b,0.058438759456107575,mcr-1.1,toward_resistant
TOB,gene__mcr_8_1__c4b56e2f74fa,-0.20329386048914486,mcr-8.1,toward_susceptible
TOB,gene__mph_A__fd470d53e276,0.37874885123349344,mph(A),toward_resistant
TOB,gene__mph_B__d07c4a8ed0ae,-0.20329386048914486,mph(B),toward_susceptible
TOB,gene__mph_E__bbdc9db0677f,0.34212983514708356,mph(E),toward_resistant
TOB,gene__msr_E__bf31980dd0a7,0.34212983514708356,msr(E),toward_resistant
TOB,gene__qnrA1__1987f9bb8a71,0.21633132977843053,qnrA1,toward_resistant
TOB,gene__qnrB1__82385f8142c7,0.39623244955098813,qnrB1,toward_resistant
TOB,gene__qnrB19__f24b2e236d22,-0.0644204113942114,qnrB19,toward_susceptible
TOB,gene__qnrB4__a0abfc97db02,0.1507077990761282,qnrB4,toward_resistant
TOB,gene__qnrB6__68d60e35189d,0.18697036384566365,qnrB6,toward_resistant
TOB,gene__qnrB9__48a7c4a55798,0.3175970739746564,qnrB9,toward_resistant
TOB,gene__qnrS1__dd225cb6bb26,-0.42922076342936843,qnrS1,toward_susceptible
TOB,gene__rmtB1__206fbadc2706,0.0032992646628912724,rmtB1,toward_resistant
TOB,gene__rmtF1__98fa5442507e,0.36196895136919466,rmtF1,toward_resistant
TOB,gene__rmtH__0b842a786976,0.01922474938974278,rmtH,toward_resistant
TOB,gene__sul1__f3335816df53,0.23049476706679928,sul1,toward_resistant
TOB,gene__sul2__691bb44fc37d,-0.056007648785540765,sul2,toward_susceptible
TOB,gene__sul3__c35f66389909,0.3023658971378288,sul3,toward_resistant
TOB,gene__tet_A__77c7af2b14d7,-0.3409040224945336,tet(A),toward_susceptible
TOB,gene__tet_B__e414ad27e773,0.058438759456107575,tet(B),toward_resistant
TOB,gene__tet_D__3c1d9fd570ce,-0.2645676913600794,tet(D),toward_susceptible
TOB,gene__tet_G__ff8069e4bb7d,0.0032992646628912724,tet(G),toward_resistant
TOB,gene__tet_M__d76e29348b04,0.0,tet(M),none
TOB,gene__tet_X__9c42914df2c5,0.18697036384566365,tet(X),toward_resistant
TOB,variant__OmpK35_17__66f4c20ddacd,0.05863381993369723,OmpK35-17%,toward_resistant
TOB,variant__OmpK35_21__31dd4cc2c7ca,0.028933813197531397,OmpK35-21%,toward_resistant
TOB,variant__OmpK35_25__fd91e78b8b94,0.1601429205050433,OmpK35-25%,toward_resistant
TOB,variant__OmpK35_30__62c7989dcb3c,0.05644888387696457,OmpK35-30%,toward_resistant
TOB,variant__OmpK35_59__aa2f1c0ae1df,0.384002636240033,OmpK35-59%,toward_resistant
TOB,variant__OmpK35_72__737848bea52e,0.12701077395496108,OmpK35-72%,toward_resistant
TOB,variant__OmpK35_76__298f13b13ce1,0.36395882694833764,OmpK35-76%,toward_resistant
TOB,variant__OmpK35_87__b0d3a2ebe702,0.0032992646628912724,OmpK35-87%,toward_resistant
TOB,variant__OmpK36GD__a3b86b232e9f,0.21051239859573073,OmpK36GD,toward_resistant
TOB,variant__OmpK36TD__f8db20b567d2,0.3055200674922301,OmpK36TD,toward_resistant
TOB,variant__MgrB_0__31a2fe707ea6,0.05863381993369723,MgrB-0%,toward_resistant
TOB,variant__MgrB_32__0323946870fa,0.0,MgrB-32%,none
TOB,variant__MgrB_49__684df5ce7bab,0.0254838171244503,MgrB-49%,toward_resistant
TOB,variant__MgrB_51__fd69d10f80c0,0.11753501227883893,MgrB-51%,toward_resistant
TOB,variant__MgrB_53__ec8926a14680,0.013511722560437724,MgrB-53%,toward_resistant
TOB,variant__MgrB_89__851202355ac8,0.08653035097520162,MgrB-89%,toward_resistant
FEP,gene__aac_2_Iia__9c86f637dab6,0.363198792941815,aac(2')-Iia,toward_resistant
FEP,gene__aac_3_IId__0ca553a3e15f,0.4048033464484245,aac(3)-IId,toward_resistant
FEP,gene__aac_3_IIe__0590cef7e34d,0.8901718030887974,aac(3)-IIe,toward_resistant
FEP,gene__aac_3_IIg__f145d4456597,-0.11446747732847018,aac(3)-IIg,toward_susceptible
FEP,gene__aac_3_IVa__74bd15e0ab3f,-0.0698301951043637,aac(3)-IVa,toward_susceptible
FEP,gene__aac_6_Ib4__83a5f45c9699,0.40984302900936664,aac(6')-Ib4,toward_resistant
FEP,gene__aac_6_Ib_AKT__5ca650df53c2,0.10319535025489751,aac(6')-Ib-AKT,toward_resistant
FEP,gene__aac_6_Ib__22bae5c8a74e,0.13986305011997993,aac(6')-Ib,toward_resistant
FEP,gene__aac_6_Ib_cr5__ec16b29386f5,0.3299600009713744,aac(6')-Ib-cr5,toward_resistant
FEP,gene__aac_6_Ib_G__566c8f5f56fc,0.06324274997270919,aac(6')-Ib-G,toward_resistant
FEP,gene__aac_6_IIc__5125879a4c57,-0.11446747732847018,aac(6')-IIc,toward_susceptible
FEP,gene__aac_6_Il__43e6a7176631,0.025995115097161993,aac(6')-Il,toward_resistant
FEP,gene__aadA1__15687b499fd6,0.08196354181061269,aadA1,toward_resistant
FEP,gene__aadA16__3e668ce14552,0.26020262767786784,aadA16,toward_resistant
FEP,gene__aadA2__d33a4eec592a,0.15805628369349917,aadA2,toward_resistant
FEP,gene__ant_2_Ia__4f7da569764e,0.07249851582678832,ant(2'')-Ia,toward_resistant
FEP,gene__aph_3_Ia__3d72b1a8886b,-0.3616908546272078,aph(3')-Ia,toward_susceptible
FEP,gene__aph_3_Ib__42354e4cc2ec,0.09806841289624678,aph(3'')-Ib,toward_resistant
FEP,gene__aph_3_VI__709faaabdc88,0.07551061883324246,aph(3')-VI,toward_resistant
FEP,gene__aph_3_Vib__d9a2b83d591e,0.009528177037860594,aph(3')-Vib,toward_resistant
FEP,gene__aph_3_XV__54118836b92b,0.37878726213420544,aph(3')-XV,toward_resistant
FEP,gene__aph_4_Ia__37a4ead2ddca,-0.0698301951043637,aph(4)-Ia,toward_susceptible
FEP,gene__aph_6_Id__f94324227069,0.13210978077501612,aph(6)-Id,toward_resistant
FEP,gene__armA__1e3e7a5cbbf7,0.38847641519710996,armA,toward_resistant
FEP,gene__arr_2__3f94280a4461,0.332154131151757,arr-2,toward_resistant
FEP,gene__arr_269927220__e45b2c03e53a,-0.11446747732847018,arr-269927220,toward_susceptible
FEP,gene__arr_3__3ee789662ef8,0.2994568723822045,arr-3,toward_resistant
FEP,gene__arr_8_like__f42aa4ad0eab,-0.3653506819567001,arr-8-like,toward_susceptible
FEP,gene__blaCARB_2__24c64e94426d,-0.2699025235000241,blaCARB-2,toward_susceptible
FEP,gene__blaCMY_4__1b7453f819b2,0.026858052911175465,blaCMY-4,toward_resistant
FEP,gene__blaCTX_M_14__fc9c58acd0f5,0.6887522982816174,blaCTX-M-14,toward_resistant
FEP,gene__blaCTX_M_15__b1d9b9d47471,1.9841086329999942,blaCTX-M-15,toward_resistant
FEP,gene__blaCTX_M_3__3ded50be1fb4,-0.2762462441235246,blaCTX-M-3,toward_susceptible
FEP,gene__blaCTX_M_55__1df213c735c7,0.21728700630654985,blaCTX-M-55,toward_resistant
FEP,gene__blaDHA_1__e60f091f95c5,0.1718249724342638,blaDHA-1,toward_resistant
FEP,gene__blaFOX_5__8b528f2222bf,-0.06902966644782249,blaFOX-5,toward_susceptible
FEP,gene__blaGES_5__35846c68064b,-0.3653506819567001,blaGES-5,toward_susceptible
FEP,gene__blaIMP_15__80046691531c,0.031055766875161213,blaIMP-15,toward_resistant
FEP,gene__blaKPC_2__1215ec196a62,0.5922506229927985,blaKPC-2,toward_resistant
FEP,gene__blaKPC_3__4f23d51e3cfe,0.16510527147536913,blaKPC-3,toward_resistant
FEP,gene__blaNDM_1__47f592955a0b,0.31423684235770205,blaNDM-1,toward_resistant
FEP,gene__blaNDM_5__97581221d5db,0.08262274414864691,blaNDM-5,toward_resistant
FEP,gene__blaNDM_7__83931ed5221d,0.0030385533077954534,blaNDM-7,toward_resistant
FEP,gene__blaOXA_1__33637d4ebdae,0.9342752369010784,blaOXA-1,toward_resistant
FEP,gene__blaOXA_10__c7efc8d7affe,0.18628863703040088,blaOXA-10,toward_resistant
FEP,gene__blaOXA_9__b5c8a779ea6c,0.01834908439202154,blaOXA-9,toward_resistant
FEP,gene__blaOXA_181__cb068f61c2a5,0.12818451996777522,blaOXA-181,toward_resistant
FEP,gene__blaOXA_232__dac1198d664c,0.14529362530682943,blaOXA-232,toward_resistant
FEP,gene__blaOXA_48__a80281b6de74,0.446786051296117,blaOXA-48,toward_resistant
FEP,gene__blaOXA_2__06018aa29e0a,0.27276999637590876,blaOXA-2,toward_resistant
FEP,gene__blaSHV_1__2856649d1151,-0.6840469472913837,blaSHV-1,toward_susceptible
FEP,gene__blaSHV_11__6cfbd3be8d6f,0.42041429896432786,blaSHV-11,toward_resistant
FEP,gene__blaSHV_119__8313292abae2,-0.0913264931292715,blaSHV-119,toward_susceptible
FEP,gene__blaSHV_142__712c82344f14,0.0,blaSHV-142,none
FEP,gene__blaSHV_168__2919af75fa14,0.1025760967937542,blaSHV-168,toward_resistant
FEP,gene__blaSHV_187__5da02ed84baa,0.06463716220436384,blaSHV-187,toward_resistant
FEP,gene__blaSHV_202__381586083ab1,0.1296217655618125,blaSHV-202,toward_resistant
FEP,gene__blaSHV_207__92e0baed85d1,-0.0913264931292715,blaSHV-207,toward_susceptible
FEP,gene__blaSHV_26__e7d7b216e895,-0.1512451894549115,blaSHV-26,toward_susceptible
FEP,gene__blaSHV_27__0faf55eb38a5,-0.8745062990868555,blaSHV-27,toward_susceptible
FEP,gene__blaSHV_28__848c9d283ddc,-0.07335368287537207,blaSHV-28,toward_susceptible
FEP,gene__blaSHV_32__8f68dd883c23,0.21728700630654985,blaSHV-32,toward_resistant
FEP,gene__blaSHV_171__b46a6a5c3496,-0.07362978636430395,blaSHV-171,toward_susceptible
FEP,gene__blaSHV_36__de8aa5462be7,-0.0913264931292715,blaSHV-36,toward_susceptible
FEP,gene__blaSHV_52__3c738e9bcfdd,0.009479349545182557,blaSHV-52,toward_resistant
FEP,gene__blaSHV_60__82babea88ffe,-0.17000784695977636,blaSHV-60,toward_susceptible
FEP,gene__blaSHV_71__64710cc2e056,0.009479349545182557,blaSHV-71,toward_resistant
FEP,gene__blaSHV_75__8cfb7212ad81,-0.0913264931292715,blaSHV-75,toward_susceptible
FEP,gene__blaSHV_76__e4bc5c5d4260,0.024802056049580978,blaSHV-76,toward_resistant
FEP,gene__blaSHV_77__dd4db7d5427c,-0.0913264931292715,blaSHV-77,toward_susceptible
FEP,gene__blaSHV_5__766b16a665e3,0.27276999637590876,blaSHV-5,toward_resistant
FEP,gene__blaSHV_12__d89ed9fb6a79,0.045627810319203495,blaSHV-12,toward_resistant
FEP,gene__blaTEM_1__4f26c2c6a7cc,1.1367189114575758,blaTEM-1,toward_resistant
FEP,gene__blaVIM_1__b8633f36b0b4,0.37878726213420544,blaVIM-1,toward_resistant
FEP,gene__blaVIM_4__ed55a8109914,0.025995115097161993,blaVIM-4,toward_resistant
FEP,gene__catA1__660cc15104bb,0.041072324036967686,catA1,toward_resistant
FEP,gene__catA2__4347443d0785,-0.2921005571316184,catA2,toward_susceptible
FEP,gene__catB__4c7c8bd128b1,0.19142726994048442,catB,toward_resistant
FEP,gene__catB11__47750f628385,-0.06902966644782249,catB11,toward_susceptible
FEP,gene__catB2__9d488614d805,0.37878726213420544,catB2,toward_resistant
FEP,gene__catB3__bc428193ee96,0.24831747904897084,catB3,toward_resistant
FEP,gene__cmlA1__9fa4d895cb79,0.04456222047022485,cmlA1,toward_resistant
FEP,gene__cmlA5__e8c84368d378,0.3049969166787438,cmlA5,toward_resistant
FEP,gene__cmlA6__c45345700937,-0.06902966644782249,cmlA6,toward_susceptible
FEP,gene__dfr7__3de314457e0d,0.27276999637590876,dfr7,toward_resistant
FEP,gene__dfrA1__408cd02e6001,0.0263277297790628,dfrA1,toward_resistant
FEP,gene__dfrA12__c420466a1d49,0.21979990595672785,dfrA12,toward_resistant
FEP,gene__dfrA14__a289266e0f01,0.254022816470253,dfrA14,toward_resistant
FEP,gene__dfrA18__6dc5a8b3fa07,-0.05948210988682902,dfrA18,toward_susceptible
FEP,gene__dfrA19__e643d9e8c22f,-0.18349714377629267,dfrA19,toward_susceptible
FEP,gene__dfrA27__1e67f448c6dd,0.26020262767786784,dfrA27,toward_resistant
FEP,gene__dfrA32__75c81905d551,0.21728700630654985,dfrA32,toward_resistant
FEP,gene__dfrA5__bdab96a3ae19,-0.3470015975646786,dfrA5,toward_susceptible
FEP,gene__dfrA7__abb2cd32375d,-0.004772665873979441,dfrA7,toward_susceptible
FEP,gene__dfrA8__c720609f7e1a,-0.06217031090485234,dfrA8,toward_susceptible
FEP,gene__erm_42__495068371c67,0.0030385533077954534,erm(42),toward_resistant
FEP,gene__erm_B__25b1a1f314ce,0.13165492013566546,erm(B),toward_resistant
FEP,gene__ermC__1cc08102c15e,-0.2762462441235246,ermC,toward_susceptible
FEP,gene__floR__0150b5a65352,0.22150236029664946,floR,toward_resistant
FEP,gene__floR2__0d9f4cbd30dc,0.003175212470894085,floR2,toward_resistant
FEP,gene__fosA_gen__9f8699db5899,-0.9997255447864989,fosA_gen,toward_susceptible
FEP,gene__fosA5__20fcb919317e,-0.3670802803037719,fosA5,toward_susceptible
FEP,gene__fosA7__ca8d29f760ba,-0.2523999706944935,fosA7,toward_susceptible
FEP,gene__fosA7_3__9858be559cf3,-0.10162870446228181,fosA7.3,toward_susceptible
FEP,gene__mcr_1_1__cfcbc4d2489b,0.14125249420569508,mcr-1.1,toward_resistant
FEP,gene__mcr_8_1__c4b56e2f74fa,-0.17877018433018954,mcr-8.1,toward_susceptible
FEP,gene__mph_A__fd470d53e276,0.06067848640323859,mph(A),toward_resistant
FEP,gene__mph_B__d07c4a8ed0ae,-0.17877018433018954,mph(B),toward_susceptible
FEP,gene__mph_E__bbdc9db0677f,0.31944674874928747,mph(E),toward_resistant
FEP,gene__msr_E__bf31980dd0a7,0.31944674874928747,msr(E),toward_resistant
FEP,gene__qnrA1__1987f9bb8a71,-0.315957830665538,qnrA1,toward_susceptible
FEP,gene__qnrB1__82385f8142c7,0.46204606943465426,qnrB1,toward_resistant
FEP,gene__qnrB19__f24b2e236d22,-0.08277817439785148,qnrB19,toward_susceptible
FEP,gene__qnrB4__a0abfc97db02,0.1718249724342638,qnrB4,toward_resistant
FEP,gene__qnrB6__68d60e35189d,-0.11189939873497391,qnrB6,toward_susceptible
FEP,gene__qnrB9__48a7c4a55798,-0.30995522733273806,qnrB9,toward_susceptible
FEP,gene__qnrS1__dd225cb6bb26,-0.015712091741794748,qnrS1,toward_susceptible
FEP,gene__rmtB1__206fbadc2706,0.003175212470894085,rmtB1,toward_resistant
FEP,gene__rmtF1__98fa5442507e,0.19142726994048442,rmtF1,toward_resistant
FEP,gene__rmtH__0b842a786976,0.026858052911175465,rmtH,toward_resistant
FEP,gene__sul1__f3335816df53,0.33766121799154714,sul1,toward_resistant
FEP,gene__sul2__691bb44fc37d,0.18909267470336863,sul2,toward_resistant
FEP,gene__sul3__c35f66389909,0.04456222047022485,sul3,toward_resistant
FEP,gene__tet_A__77c7af2b14d7,0.18663698097709056,tet(A),toward_resistant
FEP,gene__tet_B__e414ad27e773,0.14125249420569508,tet(B),toward_resistant
FEP,gene__tet_D__3c1d9fd570ce,-0.1809498035766559,tet(D),toward_susceptible
FEP,gene__tet_G__ff8069e4bb7d,0.003175212470894085,tet(G),toward_resistant
FEP,gene__tet_M__d76e29348b04,0.21728700630654985,tet(M),toward_resistant
FEP,gene__tet_X__9c42914df2c5,0.031055766875161213,tet(X),toward_resistant
FEP,variant__OmpK35_17__66f4c20ddacd,0.13382121544187361,OmpK35-17%,toward_resistant
FEP,variant__OmpK35_21__31dd4cc2c7ca,0.004041131101134357,OmpK35-21%,toward_resistant
FEP,variant__OmpK35_25__fd91e78b8b94,0.27260455008659,OmpK35-25%,toward_resistant
FEP,variant__OmpK35_30__62c7989dcb3c,0.06324274997270919,OmpK35-30%,toward_resistant
FEP,variant__OmpK35_59__aa2f1c0ae1df,-0.1418895757611565,OmpK35-59%,toward_susceptible
FEP,variant__OmpK35_72__737848bea52e,0.09312938828575482,OmpK35-72%,toward_resistant
FEP,variant__OmpK35_76__298f13b13ce1,0.26943701417347027,OmpK35-76%,toward_resistant
FEP,variant__OmpK35_87__b0d3a2ebe702,0.003175212470894085,OmpK35-87%,toward_resistant
FEP,variant__OmpK36GD__a3b86b232e9f,0.2929143304743057,OmpK36GD,toward_resistant
FEP,variant__OmpK36TD__f8db20b567d2,0.12818451996777522,OmpK36TD,toward_resistant
FEP,variant__MgrB_0__31a2fe707ea6,0.13382121544187361,MgrB-0%,toward_resistant
FEP,variant__MgrB_32__0323946870fa,0.009528177037860594,MgrB-32%,toward_resistant
FEP,variant__MgrB_49__684df5ce7bab,0.004004330446466325,MgrB-49%,toward_resistant
FEP,variant__MgrB_51__fd69d10f80c0,0.13986305011997993,MgrB-51%,toward_resistant
FEP,variant__MgrB_53__ec8926a14680,0.11439241557458854,MgrB-53%,toward_resistant
FEP,variant__MgrB_89__851202355ac8,0.31833177219503705,MgrB-89%,toward_resistant
TET,gene__aac_2_Iia__9c86f637dab6,-0.2437656537363969,aac(2')-Iia,toward_susceptible
TET,gene__aac_3_IId__0ca553a3e15f,0.31623612884854857,aac(3)-IId,toward_resistant
TET,gene__aac_3_IIe__0590cef7e34d,0.08116996294951431,aac(3)-IIe,toward_resistant
TET,gene__aac_3_IIg__f145d4456597,0.06822055843237163,aac(3)-IIg,toward_resistant
TET,gene__aac_3_IVa__74bd15e0ab3f,-0.05747206453102082,aac(3)-IVa,toward_susceptible
TET,gene__aac_6_Ib4__83a5f45c9699,-0.0755278397738208,aac(6')-Ib4,toward_susceptible
TET,gene__aac_6_Ib_AKT__5ca650df53c2,-0.18441214645078643,aac(6')-Ib-AKT,toward_susceptible
TET,gene__aac_6_Ib__22bae5c8a74e,0.0,aac(6')-Ib,none
TET,gene__aac_6_Ib_cr5__ec16b29386f5,0.24367808571011376,aac(6')-Ib-cr5,toward_resistant
TET,gene__aac_6_Ib_G__566c8f5f56fc,0.08655618617706451,aac(6')-Ib-G,toward_resistant
TET,gene__aac_6_IIc__5125879a4c57,0.06822055843237163,aac(6')-IIc,toward_resistant
TET,gene__aac_6_Il__43e6a7176631,-0.16349804432218837,aac(6')-Il,toward_susceptible
TET,gene__aadA1__15687b499fd6,-0.5655375620103045,aadA1,toward_susceptible
TET,gene__aadA16__3e668ce14552,0.12919560057821508,aadA16,toward_resistant
TET,gene__aadA2__d33a4eec592a,-0.01501608853185136,aadA2,toward_susceptible
TET,gene__ant_2_Ia__4f7da569764e,-0.4960497923331944,ant(2'')-Ia,toward_susceptible
TET,gene__aph_3_Ia__3d72b1a8886b,-0.265957418247638,aph(3')-Ia,toward_susceptible
TET,gene__aph_3_Ib__42354e4cc2ec,0.2914873350034728,aph(3'')-Ib,toward_resistant
TET,gene__aph_3_VI__709faaabdc88,-0.04173957118912408,aph(3')-VI,toward_susceptible
TET,gene__aph_3_Vib__d9a2b83d591e,0.1750306512233331,aph(3')-Vib,toward_resistant
TET,gene__aph_3_XV__54118836b92b,-0.12063014014181174,aph(3')-XV,toward_susceptible
TET,gene__aph_4_Ia__37a4ead2ddca,-0.05747206453102082,aph(4)-Ia,toward_susceptible
TET,gene__aph_6_Id__f94324227069,-0.11353160092042872,aph(6)-Id,toward_susceptible
TET,gene__armA__1e3e7a5cbbf7,-0.3761510301715361,armA,toward_susceptible
TET,gene__arr_2__3f94280a4461,0.13541567732246046,arr-2,toward_resistant
TET,gene__arr_269927220__e45b2c03e53a,0.06822055843237163,arr-269927220,toward_resistant
TET,gene__arr_3__3ee789662ef8,-0.34849140097206177,arr-3,toward_susceptible
TET,gene__arr_8_like__f42aa4ad0eab,0.08888287741730046,arr-8-like,toward_resistant
TET,gene__blaCARB_2__24c64e94426d,0.12387613723742937,blaCARB-2,toward_resistant
TET,gene__blaCMY_4__1b7453f819b2,0.07431924141050485,blaCMY-4,toward_resistant
TET,gene__blaCTX_M_14__fc9c58acd0f5,0.6147741048621355,blaCTX-M-14,toward_resistant
TET,gene__blaCTX_M_15__b1d9b9d47471,0.37298122816691753,blaCTX-M-15,toward_resistant
TET,gene__blaCTX_M_3__3ded50be1fb4,-0.29699660862029237,blaCTX-M-3,toward_susceptible
TET,gene__blaCTX_M_55__1df213c735c7,0.07729465768345198,blaCTX-M-55,toward_resistant
TET,gene__blaDHA_1__e60f091f95c5,0.04339365831304617,blaDHA-1,toward_resistant
TET,gene__blaFOX_5__8b528f2222bf,-0.04418413633383695,blaFOX-5,toward_susceptible
TET,gene__blaGES_5__35846c68064b,0.08888287741730046,blaGES-5,toward_resistant
TET,gene__blaIMP_15__80046691531c,0.04510230036799094,blaIMP-15,toward_resistant
TET,gene__blaKPC_2__1215ec196a62,-0.16767560821219038,blaKPC-2,toward_susceptible
TET,gene__blaKPC_3__4f23d51e3cfe,0.0,blaKPC-3,none
TET,gene__blaNDM_1__47f592955a0b,0.33375425749266835,blaNDM-1,toward_resistant
TET,gene__blaNDM_5__97581221d5db,0.10585179885729414,blaNDM-5,toward_resistant
TET,gene__blaNDM_7__83931ed5221d,0.05679144078997105,blaNDM-7,toward_resistant
TET,gene__blaOXA_1__33637d4ebdae,0.021365658953513295,blaOXA-1,toward_resistant
TET,gene__blaOXA_10__c7efc8d7affe,-0.05699230771189818,blaOXA-10,toward_susceptible
TET,gene__blaOXA_9__b5c8a779ea6c,-0.12390577820886431,blaOXA-9,toward_susceptible
TET,gene__blaOXA_181__cb068f61c2a5,0.26737340636911533,blaOXA-181,toward_resistant
TET,gene__blaOXA_232__dac1198d664c,0.26288123816265124,blaOXA-232,toward_resistant
TET,gene__blaOXA_48__a80281b6de74,0.5772207612101985,blaOXA-48,toward_resistant
TET,gene__blaOXA_2__06018aa29e0a,-0.17113778988296427,blaOXA-2,toward_susceptible
TET,gene__blaSHV_1__2856649d1151,0.5342803553235879,blaSHV-1,toward_resistant
TET,gene__blaSHV_11__6cfbd3be8d6f,0.1159706150981435,blaSHV-11,toward_resistant
TET,gene__blaSHV_119__8313292abae2,-0.17477300323453066,blaSHV-119,toward_susceptible
TET,gene__blaSHV_142__712c82344f14,0.03216726215986195,blaSHV-142,toward_resistant
TET,gene__blaSHV_168__2919af75fa14,-0.25795020573201227,blaSHV-168,toward_susceptible
TET,gene__blaSHV_187__5da02ed84baa,0.5970621722648222,blaSHV-187,toward_resistant
TET,gene__blaSHV_202__381586083ab1,0.09246653893027908,blaSHV-202,toward_resistant
TET,gene__blaSHV_207__92e0baed85d1,-0.17477300323453066,blaSHV-207,toward_susceptible
TET,gene__blaSHV_26__e7d7b216e895,-0.18860968047199198,blaSHV-26,toward_susceptible
TET,gene__blaSHV_27__0faf55eb38a5,-0.4255831030098228,blaSHV-27,toward_susceptible
TET,gene__blaSHV_28__848c9d283ddc,0.15897025047008462,blaSHV-28,toward_resistant
TET,gene__blaSHV_32__8f68dd883c23,0.07729465768345198,blaSHV-32,toward_resistant
TET,gene__blaSHV_171__b46a6a5c3496,0.6190638837888892,blaSHV-171,toward_resistant
TET,gene__blaSHV_36__de8aa5462be7,-0.17477300323453066,blaSHV-36,toward_susceptible
TET,gene__blaSHV_52__3c738e9bcfdd,0.09905566662351041,blaSHV-52,toward_resistant
TET,gene__blaSHV_60__82babea88ffe,-0.3117672268591417,blaSHV-60,toward_susceptible
TET,gene__blaSHV_71__64710cc2e056,-0.7890582197242749,blaSHV-71,toward_susceptible
TET,gene__blaSHV_75__8cfb7212ad81,-0.17477300323453066,blaSHV-75,toward_susceptible
TET,gene__blaSHV_76__e4bc5c5d4260,0.08187811637443695,blaSHV-76,toward_resistant
TET,gene__blaSHV_77__dd4db7d5427c,-0.17477300323453066,blaSHV-77,toward_susceptible
TET,gene__blaSHV_5__766b16a665e3,-0.17113778988296427,blaSHV-5,toward_susceptible
TET,gene__blaSHV_12__d89ed9fb6a79,-0.27761911777581827,blaSHV-12,toward_susceptible
TET,gene__blaTEM_1__4f26c2c6a7cc,0.8977638522013598,blaTEM-1,toward_resistant
TET,gene__blaVIM_1__b8633f36b0b4,-0.12063014014181174,blaVIM-1,toward_susceptible
TET,gene__blaVIM_4__ed55a8109914,-0.16349804432218837,blaVIM-4,toward_susceptible
TET,gene__catA1__660cc15104bb,-0.21431734664589372,catA1,toward_susceptible
TET,gene__catA2__4347443d0785,0.6239515646491505,catA2,toward_resistant
TET,gene__catB__4c7c8bd128b1,0.35392959254617984,catB,toward_resistant
TET,gene__catB11__47750f628385,-0.04418413633383695,catB11,toward_susceptible
TET,gene__catB2__9d488614d805,-0.12063014014181174,catB2,toward_susceptible
TET,gene__catB3__bc428193ee96,-0.4039069821645557,catB3,toward_susceptible
TET,gene__cmlA1__9fa4d895cb79,-0.05747206453102082,cmlA1,toward_susceptible
TET,gene__cmlA5__e8c84368d378,-0.3019662610760211,cmlA5,toward_susceptible
TET,gene__cmlA6__c45345700937,-0.04418413633383695,cmlA6,toward_susceptible
TET,gene__dfr7__3de314457e0d,-0.17113778988296427,dfr7,toward_susceptible
TET,gene__dfrA1__408cd02e6001,0.10132630074313959,dfrA1,toward_resistant
TET,gene__dfrA12__c420466a1d49,0.25530723961223073,dfrA12,toward_resistant
TET,gene__dfrA14__a289266e0f01,0.17356826940424352,dfrA14,toward_resistant
TET,gene__dfrA18__6dc5a8b3fa07,-0.2331909333310204,dfrA18,toward_susceptible
TET,gene__dfrA19__e643d9e8c22f,0.024036422098534675,dfrA19,toward_resistant
TET,gene__dfrA27__1e67f448c6dd,0.12919560057821508,dfrA27,toward_resistant
TET,gene__dfrA32__75c81905d551,0.07729465768345198,dfrA32,toward_resistant
TET,gene__dfrA5__bdab96a3ae19,-0.03502290079156386,dfrA5,toward_susceptible
TET,gene__dfrA7__abb2cd32375d,-0.008871117141077679,dfrA7,toward_susceptible
TET,gene__dfrA8__c720609f7e1a,0.3392411089216162,dfrA8,toward_resistant
TET,gene__erm_42__495068371c67,0.05679144078997105,erm(42),toward_resistant
TET,gene__erm_B__25b1a1f314ce,0.13169080423320967,erm(B),toward_resistant
TET,gene__ermC__1cc08102c15e,-0.29699660862029237,ermC,toward_susceptible
TET,gene__floR__0150b5a65352,0.2488171129254922,floR,toward_resistant
TET,gene__floR2__0d9f4cbd30dc,0.04339365831304617,floR2,toward_resistant
TET,gene__fosA_gen__9f8699db5899,-0.45430809600178756,fosA_gen,toward_susceptible
TET,gene__fosA5__20fcb919317e,-0.34758347790972394,fosA5,toward_susceptible
TET,gene__fosA7__ca8d29f760ba,0.27272960573452054,fosA7,toward_resistant
TET,gene__fosA7_3__9858be559cf3,0.3075074036330145,fosA7.3,toward_resistant
TET,gene__mcr_1_1__cfcbc4d2489b,0.20044168382369082,mcr-1.1,toward_resistant
TET,gene__mcr_8_1__c4b56e2f74fa,-0.3463342780543687,mcr-8.1,toward_susceptible
TET,gene__mph_A__fd470d53e276,-0.1273039847488177,mph(A),toward_susceptible
TET,gene__mph_B__d07c4a8ed0ae,-0.3463342780543687,mph(B),toward_susceptible
TET,gene__mph_E__bbdc9db0677f,-0.42033516650537306,mph(E),toward_susceptible
TET,gene__msr_E__bf31980dd0a7,-0.42033516650537306,msr(E),toward_susceptible
TET,gene__qnrA1__1987f9bb8a71,0.23723131372594614,qnrA1,toward_resistant
TET,gene__qnrB1__82385f8142c7,-0.025064046799528658,qnrB1,toward_susceptible
TET,gene__qnrB19__f24b2e236d22,0.2700811703144828,qnrB19,toward_resistant
TET,gene__qnrB4__a0abfc97db02,0.04339365831304617,qnrB4,toward_resistant
TET,gene__qnrB6__68d60e35189d,0.5194298810979914,qnrB6,toward_resistant
TET,gene__qnrB9__48a7c4a55798,-0.373905369867822,qnrB9,toward_susceptible
TET,gene__qnrS1__dd225cb6bb26,-0.07767343264752644,qnrS1,toward_susceptible
TET,gene__rmtB1__206fbadc2706,0.04339365831304617,rmtB1,toward_resistant
TET,gene__rmtF1__98fa5442507e,0.35392959254617984,rmtF1,toward_resistant
TET,gene__rmtH__0b842a786976,0.07431924141050485,rmtH,toward_resistant
TET,gene__sul1__f3335816df53,0.23155684906380694,sul1,toward_resistant
TET,gene__sul2__691bb44fc37d,-0.11397811942337033,sul2,toward_susceptible
TET,gene__sul3__c35f66389909,-0.05747206453102082,sul3,toward_susceptible
TET,gene__tet_A__77c7af2b14d7,2.0604862564114246,tet(A),toward_resistant
TET,gene__tet_B__e414ad27e773,0.20044168382369082,tet(B),toward_resistant
TET,gene__tet_D__3c1d9fd570ce,1.5045470681916906,tet(D),toward_resistant
TET,gene__tet_G__ff8069e4bb7d,0.04339365831304617,tet(G),toward_resistant
TET,gene__tet_M__d76e29348b04,0.07729465768345198,tet(M),toward_resistant
TET,gene__tet_X__9c42914df2c5,0.04510230036799094,tet(X),toward_resistant
TET,variant__OmpK35_17__66f4c20ddacd,0.29209100477894817,OmpK35-17%,toward_resistant
TET,variant__OmpK35_21__31dd4cc2c7ca,0.062439554338960424,OmpK35-21%,toward_resistant
TET,variant__OmpK35_25__fd91e78b8b94,-0.12390577820886431,OmpK35-25%,toward_susceptible
TET,variant__OmpK35_30__62c7989dcb3c,0.08655618617706451,OmpK35-30%,toward_resistant
TET,variant__OmpK35_59__aa2f1c0ae1df,0.254180527485203,OmpK35-59%,toward_resistant
TET,variant__OmpK35_72__737848bea52e,-0.2671110529752997,OmpK35-72%,toward_susceptible
TET,variant__OmpK35_76__298f13b13ce1,0.46781509019280615,OmpK35-76%,toward_resistant
TET,variant__OmpK35_87__b0d3a2ebe702,0.04339365831304617,OmpK35-87%,toward_resistant
TET,variant__OmpK36GD__a3b86b232e9f,0.15927761486713496,OmpK36GD,toward_resistant
TET,variant__OmpK36TD__f8db20b567d2,0.26737340636911533,OmpK36TD,toward_resistant
TET,variant__MgrB_0__31a2fe707ea6,0.29209100477894817,MgrB-0%,toward_resistant
TET,variant__MgrB_32__0323946870fa,0.1750306512233331,MgrB-32%,toward_resistant
TET,variant__MgrB_49__684df5ce7bab,0.05438615942563907,MgrB-49%,toward_resistant
TET,variant__MgrB_51__fd69d10f80c0,0.0,MgrB-51%,none
TET,variant__MgrB_53__ec8926a14680,0.0,MgrB-53%,none
TET,variant__MgrB_89__851202355ac8,-0.00961618237114309,MgrB-89%,toward_susceptible
CAZ,gene__aac_2_Iia__9c86f637dab6,0.4110526397880161,aac(2')-Iia,toward_resistant
CAZ,gene__aac_3_IId__0ca553a3e15f,0.5677385658779843,aac(3)-IId,toward_resistant
CAZ,gene__aac_3_IIe__0590cef7e34d,0.5466442814894039,aac(3)-IIe,toward_resistant
CAZ,gene__aac_3_IIg__f145d4456597,0.16296041138315281,aac(3)-IIg,toward_resistant
CAZ,gene__aac_3_IVa__74bd15e0ab3f,0.29635992085669144,aac(3)-IVa,toward_resistant
CAZ,gene__aac_6_Ib4__83a5f45c9699,0.3429742111475719,aac(6')-Ib4,toward_resistant
CAZ,gene__aac_6_Ib_AKT__5ca650df53c2,0.34165104644209293,aac(6')-Ib-AKT,toward_resistant
CAZ,gene__aac_6_Ib__22bae5c8a74e,0.11167031448332672,aac(6')-Ib,toward_resistant
CAZ,gene__aac_6_Ib_cr5__ec16b29386f5,0.5816632563270476,aac(6')-Ib-cr5,toward_resistant
CAZ,gene__aac_6_Ib_G__566c8f5f56fc,0.047557787344905796,aac(6')-Ib-G,toward_resistant
CAZ,gene__aac_6_IIc__5125879a4c57,0.16296041138315281,aac(6')-IIc,toward_resistant
CAZ,gene__aac_6_Il__43e6a7176631,0.008049930636304785,aac(6')-Il,toward_resistant
CAZ,gene__aadA1__15687b499fd6,0.39368185482837975,aadA1,toward_resistant
CAZ,gene__aadA16__3e668ce14552,0.0673053395784777,aadA16,toward_resistant
CAZ,gene__aadA2__d33a4eec592a,0.35322994129708163,aadA2,toward_resistant
CAZ,gene__ant_2_Ia__4f7da569764e,0.2277595763635752,ant(2'')-Ia,toward_resistant
CAZ,gene__aph_3_Ia__3d72b1a8886b,-0.20461838521132308,aph(3')-Ia,toward_susceptible
CAZ,gene__aph_3_Ib__42354e4cc2ec,0.3681509517056429,aph(3'')-Ib,toward_resistant
CAZ,gene__aph_3_VI__709faaabdc88,0.036353972997050295,aph(3')-VI,toward_resistant
CAZ,gene__aph_3_Vib__d9a2b83d591e,0.00371793599006699,aph(3')-Vib,toward_resistant
CAZ,gene__aph_3_XV__54118836b92b,0.2756688715690942,aph(3')-XV,toward_resistant
CAZ,gene__aph_4_Ia__37a4ead2ddca,0.29635992085669144,aph(4)-Ia,toward_resistant
CAZ,gene__aph_6_Id__f94324227069,0.18363152661815196,aph(6)-Id,toward_resistant
CAZ,gene__armA__1e3e7a5cbbf7,0.2455846091070005,armA,toward_resistant
CAZ,gene__arr_2__3f94280a4461,0.262572155222511,arr-2,toward_resistant
CAZ,gene__arr_269927220__e45b2c03e53a,0.16296041138315281,arr-269927220,toward_resistant
CAZ,gene__arr_3__3ee789662ef8,0.07559560759251574,arr-3,toward_resistant
CAZ,gene__arr_8_like__f42aa4ad0eab,0.04704273033517276,arr-8-like,toward_resistant
CAZ,gene__blaCARB_2__24c64e94426d,-0.09108917103475384,blaCARB-2,toward_susceptible
CAZ,gene__blaCMY_4__1b7453f819b2,0.012364327335865986,blaCMY-4,toward_resistant
CAZ,gene__blaCTX_M_14__fc9c58acd0f5,0.6242457850205159,blaCTX-M-14,toward_resistant
CAZ,gene__blaCTX_M_15__b1d9b9d47471,1.7688026215677835,blaCTX-M-15,toward_resistant
CAZ,gene__blaCTX_M_3__3ded50be1fb4,0.24709261967902985,blaCTX-M-3,toward_resistant
CAZ,gene__blaCTX_M_55__1df213c735c7,0.12121716945029241,blaCTX-M-55,toward_resistant
CAZ,gene__blaDHA_1__e60f091f95c5,0.06365653896553267,blaDHA-1,toward_resistant
CAZ,gene__blaFOX_5__8b528f2222bf,0.19852600565157702,blaFOX-5,toward_resistant
CAZ,gene__blaGES_5__35846c68064b,0.04704273033517276,blaGES-5,toward_resistant
CAZ,gene__blaIMP_15__80046691531c,0.0673053395784777,blaIMP-15,toward_resistant
CAZ,gene__blaKPC_2__1215ec196a62,0.2825941101804059,blaKPC-2,toward_resistant
CAZ,gene__blaKPC_3__4f23d51e3cfe,0.12113723707232352,blaKPC-3,toward_resistant
CAZ,gene__blaNDM_1__47f592955a0b,0.23927067131767196,blaNDM-1,toward_resistant
CAZ,gene__blaNDM_5__97581221d5db,0.04703442263561584,blaNDM-5,toward_resistant
CAZ,gene__blaNDM_7__83931ed5221d,0.0009038855843148195,blaNDM-7,toward_resistant
CAZ,gene__blaOXA_1__33637d4ebdae,0.47437972994741984,blaOXA-1,toward_resistant
CAZ,gene__blaOXA_10__c7efc8d7affe,0.16797994524198936,blaOXA-10,toward_resistant
CAZ,gene__blaOXA_9__b5c8a779ea6c,0.007443433620804088,blaOXA-9,toward_resistant
CAZ,gene__blaOXA_181__cb068f61c2a5,0.10432282863883949,blaOXA-181,toward_resistant
CAZ,gene__blaOXA_232__dac1198d664c,0.08948840946835691,blaOXA-232,toward_resistant
CAZ,gene__blaOXA_48__a80281b6de74,0.20194931937697652,blaOXA-48,toward_resistant
CAZ,gene__blaOXA_2__06018aa29e0a,0.25958822453891184,blaOXA-2,toward_resistant
CAZ,gene__blaSHV_1__2856649d1151,-0.7709187670101498,blaSHV-1,toward_susceptible
CAZ,gene__blaSHV_11__6cfbd3be8d6f,0.14019722667660278,blaSHV-11,toward_resistant
CAZ,gene__blaSHV_119__8313292abae2,-0.11181624215715583,blaSHV-119,toward_susceptible
CAZ,gene__blaSHV_142__712c82344f14,0.34212024732032287,blaSHV-142,toward_resistant
CAZ,gene__blaSHV_168__2919af75fa14,0.06489423699081688,blaSHV-168,toward_resistant
CAZ,gene__blaSHV_187__5da02ed84baa,-0.06363753580959662,blaSHV-187,toward_susceptible
CAZ,gene__blaSHV_202__381586083ab1,0.05245791912678175,blaSHV-202,toward_resistant
CAZ,gene__blaSHV_207__92e0baed85d1,-0.11181624215715583,blaSHV-207,toward_susceptible
CAZ,gene__blaSHV_26__e7d7b216e895,-0.15557168290347226,blaSHV-26,toward_susceptible
CAZ,gene__blaSHV_27__0faf55eb38a5,-0.23152930896428195,blaSHV-27,toward_susceptible
CAZ,gene__blaSHV_28__848c9d283ddc,-0.1967984511202278,blaSHV-28,toward_susceptible
CAZ,gene__blaSHV_32__8f68dd883c23,0.12121716945029241,blaSHV-32,toward_resistant
CAZ,gene__blaSHV_171__b46a6a5c3496,-0.08159256037029206,blaSHV-171,toward_susceptible
CAZ,gene__blaSHV_36__de8aa5462be7,-0.11181624215715583,blaSHV-36,toward_susceptible
CAZ,gene__blaSHV_52__3c738e9bcfdd,0.003619838343332854,blaSHV-52,toward_resistant
CAZ,gene__blaSHV_60__82babea88ffe,-0.20566720965115148,blaSHV-60,toward_susceptible
CAZ,gene__blaSHV_71__64710cc2e056,0.003619838343332854,blaSHV-71,toward_resistant
CAZ,gene__blaSHV_75__8cfb7212ad81,-0.11181624215715583,blaSHV-75,toward_susceptible
CAZ,gene__blaSHV_76__e4bc5c5d4260,0.007739945459129548,blaSHV-76,toward_resistant
CAZ,gene__blaSHV_77__dd4db7d5427c,-0.11181624215715583,blaSHV-77,toward_susceptible
CAZ,gene__blaSHV_5__766b16a665e3,0.25958822453891184,blaSHV-5,toward_resistant
CAZ,gene__blaSHV_12__d89ed9fb6a79,0.5035098579570317,blaSHV-12,toward_resistant
CAZ,gene__blaTEM_1__4f26c2c6a7cc,1.1922133211973103,blaTEM-1,toward_resistant
CAZ,gene__blaVIM_1__b8633f36b0b4,0.2756688715690942,blaVIM-1,toward_resistant
CAZ,gene__blaVIM_4__ed55a8109914,0.008049930636304785,blaVIM-4,toward_resistant
CAZ,gene__catA1__660cc15104bb,0.28031609591835416,catA1,toward_resistant
CAZ,gene__catA2__4347443d0785,0.26975806473332187,catA2,toward_resistant
CAZ,gene__catB__4c7c8bd128b1,0.15188061598374528,catB,toward_resistant
CAZ,gene__catB11__47750f628385,0.19852600565157702,catB11,toward_resistant
CAZ,gene__catB2__9d488614d805,0.2756688715690942,catB2,toward_resistant
CAZ,gene__catB3__bc428193ee96,0.6072201907526154,catB3,toward_resistant
CAZ,gene__cmlA1__9fa4d895cb79,0.31936580649818547,cmlA1,toward_resistant
CAZ,gene__cmlA5__e8c84368d378,0.19001041971091673,cmlA5,toward_resistant
CAZ,gene__cmlA6__c45345700937,0.19852600565157702,cmlA6,toward_resistant
CAZ,gene__dfr7__3de314457e0d,0.25958822453891184,dfr7,toward_resistant
CAZ,gene__dfrA1__408cd02e6001,-0.06254586548504938,dfrA1,toward_susceptible
CAZ,gene__dfrA12__c420466a1d49,0.33546627021740905,dfrA12,toward_resistant
CAZ,gene__dfrA14__a289266e0f01,0.7789618871481788,dfrA14,toward_resistant
CAZ,gene__dfrA18__6dc5a8b3fa07,-0.06761946394009707,dfrA18,toward_susceptible
CAZ,gene__dfrA19__e643d9e8c22f,0.36148641703472983,dfrA19,toward_resistant
CAZ,gene__dfrA27__1e67f448c6dd,0.0673053395784777,dfrA27,toward_resistant
CAZ,gene__dfrA32__75c81905d551,0.12121716945029241,dfrA32,toward_resistant
CAZ,gene__dfrA5__bdab96a3ae19,0.05448616395597685,dfrA5,toward_resistant
CAZ,gene__dfrA7__abb2cd32375d,-0.11999228531708546,dfrA7,toward_susceptible
CAZ,gene__dfrA8__c720609f7e1a,-0.10837660625884835,dfrA8,toward_susceptible
CAZ,gene__erm_42__495068371c67,0.0009038855843148195,erm(42),toward_resistant
CAZ,gene__erm_B__25b1a1f314ce,0.0886364342409581,erm(B),toward_resistant
CAZ,gene__ermC__1cc08102c15e,0.24709261967902985,ermC,toward_resistant
CAZ,gene__floR__0150b5a65352,-0.16839800723603843,floR,toward_susceptible
CAZ,gene__floR2__0d9f4cbd30dc,0.0008468343932339459,floR2,toward_resistant
CAZ,gene__fosA_gen__9f8699db5899,-0.77855743863688,fosA_gen,toward_susceptible
CAZ,gene__fosA5__20fcb919317e,-0.3540555507938773,fosA5,toward_susceptible
CAZ,gene__fosA7__ca8d29f760ba,-0.37892108784696926,fosA7,toward_susceptible
CAZ,gene__fosA7_3__9858be559cf3,-0.2166060854631579,fosA7.3,toward_susceptible
CAZ,gene__mcr_1_1__cfcbc4d2489b,0.08720673700400422,mcr-1.1,toward_resistant
CAZ,gene__mcr_8_1__c4b56e2f74fa,-0.2973285274766772,mcr-8.1,toward_susceptible
CAZ,gene__mph_A__fd470d53e276,-0.08814075723983282,mph(A),toward_susceptible
CAZ,gene__mph_B__d07c4a8ed0ae,-0.2973285274766772,mph(B),toward_susceptible
CAZ,gene__mph_E__bbdc9db0677f,0.4441106147585775,mph(E),toward_resistant
CAZ,gene__msr_E__bf31980dd0a7,0.4441106147585775,msr(E),toward_resistant
CAZ,gene__qnrA1__1987f9bb8a71,0.11294988724445128,qnrA1,toward_resistant
CAZ,gene__qnrB1__82385f8142c7,0.556799632134394,qnrB1,toward_resistant
CAZ,gene__qnrB19__f24b2e236d22,-0.09044155565880713,qnrB19,toward_susceptible
CAZ,gene__qnrB4__a0abfc97db02,0.06365653896553267,qnrB4,toward_resistant
CAZ,gene__qnrB6__68d60e35189d,-0.15520832483219396,qnrB6,toward_susceptible
CAZ,gene__qnrB9__48a7c4a55798,0.1886957700165634,qnrB9,toward_resistant
CAZ,gene__qnrS1__dd225cb6bb26,0.469327068131036,qnrS1,toward_resistant
CAZ,gene__rmtB1__206fbadc2706,0.0008468343932339459,rmtB1,toward_resistant
CAZ,gene__rmtF1__98fa5442507e,0.15188061598374528,rmtF1,toward_resistant
CAZ,gene__rmtH__0b842a786976,0.012364327335865986,rmtH,toward_resistant
CAZ,gene__sul1__f3335816df53,0.5320252130443008,sul1,toward_resistant
CAZ,gene__sul2__691bb44fc37d,0.17522208308848827,sul2,toward_resistant
CAZ,gene__sul3__c35f66389909,0.31936580649818547,sul3,toward_resistant
CAZ,gene__tet_A__77c7af2b14d7,0.33503418207691865,tet(A),toward_resistant
CAZ,gene__tet_B__e414ad27e773,0.08720673700400422,tet(B),toward_resistant
CAZ,gene__tet_D__3c1d9fd570ce,-0.1937731886141352,tet(D),toward_susceptible
CAZ,gene__tet_G__ff8069e4bb7d,0.0008468343932339459,tet(G),toward_resistant
CAZ,gene__tet_M__d76e29348b04,0.12121716945029241,tet(M),toward_resistant
CAZ,gene__tet_X__9c42914df2c5,0.0673053395784777,tet(X),toward_resistant
CAZ,variant__OmpK35_17__66f4c20ddacd,0.10688139589855437,OmpK35-17%,toward_resistant
CAZ,variant__OmpK35_21__31dd4cc2c7ca,0.0022816724643526945,OmpK35-21%,toward_resistant
CAZ,variant__OmpK35_25__fd91e78b8b94,0.14211963374562486,OmpK35-25%,toward_resistant
CAZ,variant__OmpK35_30__62c7989dcb3c,0.047557787344905796,OmpK35-30%,toward_resistant
CAZ,variant__OmpK35_59__aa2f1c0ae1df,-0.03836961295182547,OmpK35-59%,toward_susceptible
CAZ,variant__OmpK35_72__737848bea52e,0.06722997345666484,OmpK35-72%,toward_resistant
CAZ,variant__OmpK35_76__298f13b13ce1,0.1915295656428437,OmpK35-76%,toward_resistant
CAZ,variant__OmpK35_87__b0d3a2ebe702,0.0008468343932339459,OmpK35-87%,toward_resistant
CAZ,variant__OmpK36GD__a3b86b232e9f,0.2281849085181421,OmpK36GD,toward_resistant
CAZ,variant__OmpK36TD__f8db20b567d2,0.10432282863883949,OmpK36TD,toward_resistant
CAZ,variant__MgrB_0__31a2fe707ea6,0.10688139589855437,MgrB-0%,toward_resistant
CAZ,variant__MgrB_32__0323946870fa,0.00371793599006699,MgrB-32%,toward_resistant
CAZ,variant__MgrB_49__684df5ce7bab,0.0025610003273524562,MgrB-49%,toward_resistant
CAZ,variant__MgrB_51__fd69d10f80c0,0.11167031448332672,MgrB-51%,toward_resistant
CAZ,variant__MgrB_53__ec8926a14680,0.023005885641494063,MgrB-53%,toward_resistant
CAZ,variant__MgrB_89__851202355ac8,0.3168766305421355,MgrB-89%,toward_resistant
ATM,gene__aac_2_Iia__9c86f637dab6,0.417261369335707,aac(2')-Iia,toward_resistant
ATM,gene__aac_3_IId__0ca553a3e15f,0.6459327630218118,aac(3)-IId,toward_resistant
ATM,gene__aac_3_IIe__0590cef7e34d,0.5486682968272948,aac(3)-IIe,toward_resistant
ATM,gene__aac_3_IIg__f145d4456597,0.15429121777923957,aac(3)-IIg,toward_resistant
ATM,gene__aac_3_IVa__74bd15e0ab3f,0.3195425842639165,aac(3)-IVa,toward_resistant
ATM,gene__aac_6_Ib4__83a5f45c9699,0.06560970912554426,aac(6')-Ib4,toward_resistant
ATM,gene__aac_6_Ib_AKT__5ca650df53c2,0.3522446256059954,aac(6')-Ib-AKT,toward_resistant
ATM,gene__aac_6_Ib__22bae5c8a74e,0.11445595529010755,aac(6')-Ib,toward_resistant
ATM,gene__aac_6_Ib_cr5__ec16b29386f5,0.6708949857860386,aac(6')-Ib-cr5,toward_resistant
ATM,gene__aac_6_Ib_G__566c8f5f56fc,0.04435959867174014,aac(6')-Ib-G,toward_resistant
ATM,gene__aac_6_IIc__5125879a4c57,0.15429121777923957,aac(6')-IIc,toward_resistant
ATM,gene__aac_6_Il__43e6a7176631,0.010475821573305285,aac(6')-Il,toward_resistant
ATM,gene__aadA1__15687b499fd6,0.24539703783828026,aadA1,toward_resistant
ATM,gene__aadA16__3e668ce14552,0.17442530526553499,aadA16,toward_resistant
ATM,gene__aadA2__d33a4eec592a,0.38155685512252285,aadA2,toward_resistant
ATM,gene__ant_2_Ia__4f7da569764e,0.23125046437219324,ant(2'')-Ia,toward_resistant
ATM,gene__aph_3_Ia__3d72b1a8886b,-0.15476364579179486,aph(3')-Ia,toward_susceptible
ATM,gene__aph_3_Ib__42354e4cc2ec,0.37426422067015475,aph(3'')-Ib,toward_resistant
ATM,gene__aph_3_VI__709faaabdc88,0.035783878029286245,aph(3')-VI,toward_resistant
ATM,gene__aph_3_Vib__d9a2b83d591e,0.0033702789951249056,aph(3')-Vib,toward_resistant
ATM,gene__aph_3_XV__54118836b92b,0.0,aph(3')-XV,none
ATM,gene__aph_4_Ia__37a4ead2ddca,0.3195425842639165,aph(4)-Ia,toward_resistant
ATM,gene__aph_6_Id__f94324227069,0.1863829695210154,aph(6)-Id,toward_resistant
ATM,gene__armA__1e3e7a5cbbf7,0.26092023875718917,armA,toward_resistant
ATM,gene__arr_2__3f94280a4461,0.27180153353014574,arr-2,toward_resistant
ATM,gene__arr_269927220__e45b2c03e53a,0.15429121777923957,arr-269927220,toward_resistant
ATM,gene__arr_3__3ee789662ef8,0.18973286667906145,arr-3,toward_resistant
ATM,gene__arr_8_like__f42aa4ad0eab,0.045522774882232456,arr-8-like,toward_resistant
ATM,gene__blaCARB_2__24c64e94426d,-0.08494720916473443,blaCARB-2,toward_susceptible
ATM,gene__blaCMY_4__1b7453f819b2,0.010165342684190086,blaCMY-4,toward_resistant
ATM,gene__blaCTX_M_14__fc9c58acd0f5,0.6893195590623523,blaCTX-M-14,toward_resistant
ATM,gene__blaCTX_M_15__b1d9b9d47471,1.7935134838085356,blaCTX-M-15,toward_resistant
ATM,gene__blaCTX_M_3__3ded50be1fb4,0.26755668697198176,blaCTX-M-3,toward_resistant
ATM,gene__blaCTX_M_55__1df213c735c7,0.1038648845302917,blaCTX-M-55,toward_resistant
ATM,gene__blaDHA_1__e60f091f95c5,0.06683413997086313,blaDHA-1,toward_resistant
ATM,gene__blaFOX_5__8b528f2222bf,0.20050927894105494,blaFOX-5,toward_resistant
ATM,gene__blaGES_5__35846c68064b,0.045522774882232456,blaGES-5,toward_resistant
ATM,gene__blaIMP_15__80046691531c,0.06560970912554426,blaIMP-15,toward_resistant
ATM,gene__blaKPC_2__1215ec196a62,0.3653762384358708,blaKPC-2,toward_resistant
ATM,gene__blaKPC_3__4f23d51e3cfe,0.12369099448937557,blaKPC-3,toward_resistant
ATM,gene__blaNDM_1__47f592955a0b,0.231452613925038,blaNDM-1,toward_resistant
ATM,gene__blaNDM_5__97581221d5db,0.0469818829806645,blaNDM-5,toward_resistant
ATM,gene__blaNDM_7__83931ed5221d,0.0008553172071231292,blaNDM-7,toward_resistant
ATM,gene__blaOXA_1__33637d4ebdae,0.4654300883030649,blaOXA-1,toward_resistant
ATM,gene__blaOXA_10__c7efc8d7affe,0.18046005187774108,blaOXA-10,toward_resistant
ATM,gene__blaOXA_9__b5c8a779ea6c,0.007750942389183434,blaOXA-9,toward_resistant
ATM,gene__blaOXA_181__cb068f61c2a5,0.10588452656789579,blaOXA-181,toward_resistant
ATM,gene__blaOXA_232__dac1198d664c,0.0871130235843969,blaOXA-232,toward_resistant
ATM,gene__blaOXA_48__a80281b6de74,0.24982648414454564,blaOXA-48,toward_resistant
ATM,gene__blaOXA_2__06018aa29e0a,0.26039022998794764,blaOXA-2,toward_resistant
ATM,gene__blaSHV_1__2856649d1151,-0.7357227499158732,blaSHV-1,toward_susceptible
ATM,gene__blaSHV_11__6cfbd3be8d6f,0.10204634477046602,blaSHV-11,toward_resistant
ATM,gene__blaSHV_119__8313292abae2,-0.11017048719514812,blaSHV-119,toward_susceptible
ATM,gene__blaSHV_142__712c82344f14,0.3076059302434971,blaSHV-142,toward_resistant
ATM,gene__blaSHV_168__2919af75fa14,0.06759443735998899,blaSHV-168,toward_resistant
ATM,gene__blaSHV_187__5da02ed84baa,-0.03934900814901798,blaSHV-187,toward_susceptible
ATM,gene__blaSHV_202__381586083ab1,0.05021742271960886,blaSHV-202,toward_resistant
ATM,gene__blaSHV_207__92e0baed85d1,-0.11017048719514812,blaSHV-207,toward_susceptible
ATM,gene__blaSHV_26__e7d7b216e895,-0.15884578059705456,blaSHV-26,toward_susceptible
ATM,gene__blaSHV_27__0faf55eb38a5,-0.20505582821091162,blaSHV-27,toward_susceptible
ATM,gene__blaSHV_28__848c9d283ddc,-0.19160829412533148,blaSHV-28,toward_susceptible
ATM,gene__blaSHV_32__8f68dd883c23,0.1038648845302917,blaSHV-32,toward_resistant
ATM,gene__blaSHV_171__b46a6a5c3496,-0.08133118721297714,blaSHV-171,toward_susceptible
ATM,gene__blaSHV_36__de8aa5462be7,-0.11017048719514812,blaSHV-36,toward_susceptible
ATM,gene__blaSHV_52__3c738e9bcfdd,0.0032294416192829465,blaSHV-52,toward_resistant
ATM,gene__blaSHV_60__82babea88ffe,-0.2028269049172583,blaSHV-60,toward_susceptible
ATM,gene__blaSHV_71__64710cc2e056,0.0032294416192829465,blaSHV-71,toward_resistant
ATM,gene__blaSHV_75__8cfb7212ad81,-0.11017048719514812,blaSHV-75,toward_susceptible
ATM,gene__blaSHV_76__e4bc5c5d4260,0.0071122572041438705,blaSHV-76,toward_resistant
ATM,gene__blaSHV_77__dd4db7d5427c,-0.11017048719514812,blaSHV-77,toward_susceptible
ATM,gene__blaSHV_5__766b16a665e3,0.26039022998794764,blaSHV-5,toward_resistant
ATM,gene__blaSHV_12__d89ed9fb6a79,0.5180165471430328,blaSHV-12,toward_resistant
ATM,gene__blaTEM_1__4f26c2c6a7cc,1.2728523617721228,blaTEM-1,toward_resistant
ATM,gene__blaVIM_1__b8633f36b0b4,0.0,blaVIM-1,none
ATM,gene__blaVIM_4__ed55a8109914,0.010475821573305285,blaVIM-4,toward_resistant
ATM,gene__catA1__660cc15104bb,0.2726566021930969,catA1,toward_resistant
ATM,gene__catA2__4347443d0785,0.33187632707806874,catA2,toward_resistant
ATM,gene__catB__4c7c8bd128b1,0.15024412523963593,catB,toward_resistant
ATM,gene__catB11__47750f628385,0.20050927894105494,catB11,toward_resistant
ATM,gene__catB2__9d488614d805,0.0,catB2,none
ATM,gene__catB3__bc428193ee96,0.6018550278839214,catB3,toward_resistant
ATM,gene__cmlA1__9fa4d895cb79,0.34345996550596025,cmlA1,toward_resistant
ATM,gene__cmlA5__e8c84368d378,0.20142700469396987,cmlA5,toward_resistant
ATM,gene__cmlA6__c45345700937,0.20050927894105494,cmlA6,toward_resistant
ATM,gene__dfr7__3de314457e0d,0.26039022998794764,dfr7,toward_resistant
ATM,gene__dfrA1__408cd02e6001,-0.033917433650667565,dfrA1,toward_susceptible
ATM,gene__dfrA12__c420466a1d49,0.3659494923752084,dfrA12,toward_resistant
ATM,gene__dfrA14__a289266e0f01,0.6234968769755259,dfrA14,toward_resistant
ATM,gene__dfrA18__6dc5a8b3fa07,-0.06944635783722353,dfrA18,toward_susceptible
ATM,gene__dfrA19__e643d9e8c22f,0.3548004967202945,dfrA19,toward_resistant
ATM,gene__dfrA27__1e67f448c6dd,0.17442530526553499,dfrA27,toward_resistant
ATM,gene__dfrA32__75c81905d551,0.1038648845302917,dfrA32,toward_resistant
ATM,gene__dfrA5__bdab96a3ae19,0.05327371727141589,dfrA5,toward_resistant
ATM,gene__dfrA7__abb2cd32375d,-0.11727144276139735,dfrA7,toward_susceptible
ATM,gene__dfrA8__c720609f7e1a,-0.09417522456559442,dfrA8,toward_susceptible
ATM,gene__erm_42__495068371c67,0.0008553172071231292,erm(42),toward_resistant
ATM,gene__erm_B__25b1a1f314ce,0.08528072931244265,erm(B),toward_resistant
ATM,gene__ermC__1cc08102c15e,0.26755668697198176,ermC,toward_resistant
ATM,gene__floR__0150b5a65352,-0.10052297636961817,floR,toward_susceptible
ATM,gene__floR2__0d9f4cbd30dc,0.0007015889583957904,floR2,toward_resistant
ATM,gene__fosA_gen__9f8699db5899,-0.7988472522856119,fosA_gen,toward_susceptible
ATM,gene__fosA5__20fcb919317e,-0.327966740279446,fosA5,toward_susceptible
ATM,gene__fosA7__ca8d29f760ba,-0.3643430964578193,fosA7,toward_susceptible
ATM,gene__fosA7_3__9858be559cf3,-0.24246840389936813,fosA7.3,toward_susceptible
ATM,gene__mcr_1_1__cfcbc4d2489b,0.08499783914007156,mcr-1.1,toward_resistant
ATM,gene__mcr_8_1__c4b56e2f74fa,-0.2830119092448422,mcr-8.1,toward_susceptible
ATM,gene__mph_A__fd470d53e276,-0.19025894518169692,mph(A),toward_susceptible
ATM,gene__mph_B__d07c4a8ed0ae,-0.2830119092448422,mph(B),toward_susceptible
ATM,gene__mph_E__bbdc9db0677f,0.4614295176982441,mph(E),toward_resistant
ATM,gene__msr_E__bf31980dd0a7,0.4614295176982441,msr(E),toward_resistant
ATM,gene__qnrA1__1987f9bb8a71,0.11026513925520764,qnrA1,toward_resistant
ATM,gene__qnrB1__82385f8142c7,0.5446872775793603,qnrB1,toward_resistant
ATM,gene__qnrB19__f24b2e236d22,-0.09440604461512327,qnrB19,toward_susceptible
ATM,gene__qnrB4__a0abfc97db02,0.06683413997086313,qnrB4,toward_resistant
ATM,gene__qnrB6__68d60e35189d,-0.15298772820855364,qnrB6,toward_susceptible
ATM,gene__qnrB9__48a7c4a55798,0.20160779920374158,qnrB9,toward_resistant
ATM,gene__qnrS1__dd225cb6bb26,0.45257368726602243,qnrS1,toward_resistant
ATM,gene__rmtB1__206fbadc2706,0.0007015889583957904,rmtB1,toward_resistant
ATM,gene__rmtF1__98fa5442507e,0.15024412523963593,rmtF1,toward_resistant
ATM,gene__rmtH__0b842a786976,0.010165342684190086,rmtH,toward_resistant
ATM,gene__sul1__f3335816df53,0.44771753916259854,sul1,toward_resistant
ATM,gene__sul2__691bb44fc37d,0.18874734695815196,sul2,toward_resistant
ATM,gene__sul3__c35f66389909,0.34345996550596025,sul3,toward_resistant
ATM,gene__tet_A__77c7af2b14d7,0.4293465144381476,tet(A),toward_resistant
ATM,gene__tet_B__e414ad27e773,0.08499783914007156,tet(B),toward_resistant
ATM,gene__tet_D__3c1d9fd570ce,-0.1485163783239884,tet(D),toward_susceptible
ATM,gene__tet_G__ff8069e4bb7d,0.0007015889583957904,tet(G),toward_resistant
ATM,gene__tet_M__d76e29348b04,0.1038648845302917,tet(M),toward_resistant
ATM,gene__tet_X__9c42914df2c5,0.06560970912554426,tet(X),toward_resistant
ATM,variant__OmpK35_17__66f4c20ddacd,0.10608806751471078,OmpK35-17%,toward_resistant
ATM,variant__OmpK35_21__31dd4cc2c7ca,0.0021151844443253426,OmpK35-21%,toward_resistant
ATM,variant__OmpK35_25__fd91e78b8b94,0.1461242789213347,OmpK35-25%,toward_resistant
ATM,variant__OmpK35_30__62c7989dcb3c,0.04435959867174014,OmpK35-30%,toward_resistant
ATM,variant__OmpK35_59__aa2f1c0ae1df,-0.044040855697025316,OmpK35-59%,toward_susceptible
ATM,variant__OmpK35_72__737848bea52e,0.0634133962219942,OmpK35-72%,toward_resistant
ATM,variant__OmpK35_76__298f13b13ce1,0.19088236570796735,OmpK35-76%,toward_resistant
ATM,variant__OmpK35_87__b0d3a2ebe702,0.0007015889583957904,OmpK35-87%,toward_resistant
ATM,variant__OmpK36GD__a3b86b232e9f,0.22923590072694097,OmpK36GD,toward_resistant
ATM,variant__OmpK36TD__f8db20b567d2,0.10588452656789579,OmpK36TD,toward_resistant
ATM,variant__MgrB_0__31a2fe707ea6,0.10608806751471078,MgrB-0%,toward_resistant
ATM,variant__MgrB_32__0323946870fa,0.0033702789951249056,MgrB-32%,toward_resistant
ATM,variant__MgrB_49__684df5ce7bab,0.0022602328332151523,MgrB-49%,toward_resistant
ATM,variant__MgrB_51__fd69d10f80c0,0.11445595529010755,MgrB-51%,toward_resistant
ATM,variant__MgrB_53__ec8926a14680,0.02391738124204373,MgrB-53%,toward_resistant
ATM,variant__MgrB_89__851202355ac8,0.31929287357517894,MgrB-89%,toward_resistant
CIP,gene__aac_2_Iia__9c86f637dab6,-0.07739066124877261,aac(2')-Iia,toward_susceptible
CIP,gene__aac_3_IId__0ca553a3e15f,0.7401557701532573,aac(3)-IId,toward_resistant
CIP,gene__aac_3_IIe__0590cef7e34d,1.0600929452869658,aac(3)-IIe,toward_resistant
CIP,gene__aac_3_IIg__f145d4456597,-0.20270248474067218,aac(3)-IIg,toward_susceptible
CIP,gene__aac_3_IVa__74bd15e0ab3f,0.26575747899902485,aac(3)-IVa,toward_resistant
CIP,gene__aac_6_Ib4__83a5f45c9699,0.11389968015447403,aac(6')-Ib4,toward_resistant
CIP,gene__aac_6_Ib_AKT__5ca650df53c2,0.2056610481341952,aac(6')-Ib-AKT,toward_resistant
CIP,gene__aac_6_Ib__22bae5c8a74e,0.15330915298016537,aac(6')-Ib,toward_resistant
CIP,gene__aac_6_Ib_cr5__ec16b29386f5,0.10617310109990255,aac(6')-Ib-cr5,toward_resistant
CIP,gene__aac_6_Ib_G__566c8f5f56fc,0.06484749715719498,aac(6')-Ib-G,toward_resistant
CIP,gene__aac_6_IIc__5125879a4c57,-0.20270248474067218,aac(6')-IIc,toward_susceptible
CIP,gene__aac_6_Il__43e6a7176631,0.0,aac(6')-Il,none
CIP,gene__aadA1__15687b499fd6,0.4356649977371132,aadA1,toward_resistant
CIP,gene__aadA16__3e668ce14552,0.10076348099937014,aadA16,toward_resistant
CIP,gene__aadA2__d33a4eec592a,0.21106336431480274,aadA2,toward_resistant
CIP,gene__ant_2_Ia__4f7da569764e,0.3579609853054893,ant(2'')-Ia,toward_resistant
CIP,gene__aph_3_Ia__3d72b1a8886b,0.15397098990499541,aph(3')-Ia,toward_resistant
CIP,gene__aph_3_Ib__42354e4cc2ec,-0.01884539024719117,aph(3'')-Ib,toward_susceptible
CIP,gene__aph_3_VI__709faaabdc88,0.1870947666746901,aph(3')-VI,toward_resistant
CIP,gene__aph_3_Vib__d9a2b83d591e,0.026514421201655584,aph(3')-Vib,toward_resistant
CIP,gene__aph_3_XV__54118836b92b,-0.1388461695779121,aph(3')-XV,toward_susceptible
CIP,gene__aph_4_Ia__37a4ead2ddca,0.26575747899902485,aph(4)-Ia,toward_resistant
CIP,gene__aph_6_Id__f94324227069,0.3132719442742351,aph(6)-Id,toward_resistant
CIP,gene__armA__1e3e7a5cbbf7,0.38710155377002864,armA,toward_resistant
CIP,gene__arr_2__3f94280a4461,0.43027788545660983,arr-2,toward_resistant
CIP,gene__arr_269927220__e45b2c03e53a,-0.20270248474067218,arr-269927220,toward_susceptible
CIP,gene__arr_3__3ee789662ef8,0.4072731833557172,arr-3,toward_resistant
CIP,gene__arr_8_like__f42aa4ad0eab,0.2164353111036339,arr-8-like,toward_resistant
CIP,gene__blaCARB_2__24c64e94426d,0.07608690743901328,blaCARB-2,toward_resistant
CIP,gene__blaCMY_4__1b7453f819b2,0.06878280645600283,blaCMY-4,toward_resistant
CIP,gene__blaCTX_M_14__fc9c58acd0f5,0.8123930333288027,blaCTX-M-14,toward_resistant
CIP,gene__blaCTX_M_15__b1d9b9d47471,0.41878379121895815,blaCTX-M-15,toward_resistant
CIP,gene__blaCTX_M_3__3ded50be1fb4,-0.08645449017464821,blaCTX-M-3,toward_susceptible
CIP,gene__blaCTX_M_55__1df213c735c7,-0.2235497894389015,blaCTX-M-55,toward_susceptible
CIP,gene__blaDHA_1__e60f091f95c5,0.09050672225793269,blaDHA-1,toward_resistant
CIP,gene__blaFOX_5__8b528f2222bf,0.17258187495942956,blaFOX-5,toward_resistant
CIP,gene__blaGES_5__35846c68064b,0.2164353111036339,blaGES-5,toward_resistant
CIP,gene__blaIMP_15__80046691531c,0.2527458497323861,blaIMP-15,toward_resistant
CIP,gene__blaKPC_2__1215ec196a62,0.4712306653240637,blaKPC-2,toward_resistant
CIP,gene__blaKPC_3__4f23d51e3cfe,0.3647190266952338,blaKPC-3,toward_resistant
CIP,gene__blaNDM_1__47f592955a0b,0.6782331431819288,blaNDM-1,toward_resistant
CIP,gene__blaNDM_5__97581221d5db,0.11697358220792677,blaNDM-5,toward_resistant
CIP,gene__blaNDM_7__83931ed5221d,0.11263343806444603,blaNDM-7,toward_resistant
CIP,gene__blaOXA_1__33637d4ebdae,0.3405599117364156,blaOXA-1,toward_resistant
CIP,gene__blaOXA_10__c7efc8d7affe,0.24845680609148804,blaOXA-10,toward_resistant
CIP,gene__blaOXA_9__b5c8a779ea6c,0.05148839066556686,blaOXA-9,toward_resistant
CIP,gene__blaOXA_181__cb068f61c2a5,0.39858905304821246,blaOXA-181,toward_resistant
CIP,gene__blaOXA_232__dac1198d664c,0.33729513755572255,blaOXA-232,toward_resistant
CIP,gene__blaOXA_48__a80281b6de74,1.2696877551875427,blaOXA-48,toward_resistant
CIP,gene__blaOXA_2__06018aa29e0a,0.18180585169108754,blaOXA-2,toward_resistant
CIP,gene__blaSHV_1__2856649d1151,-0.007092494876678918,blaSHV-1,toward_susceptible
CIP,gene__blaSHV_11__6cfbd3be8d6f,-0.5843907681594194,blaSHV-11,toward_susceptible
CIP,gene__blaSHV_119__8313292abae2,-0.08909245263171668,blaSHV-119,toward_susceptible
CIP,gene__blaSHV_142__712c82344f14,0.44562762488354984,blaSHV-142,toward_resistant
CIP,gene__blaSHV_168__2919af75fa14,-0.5826091995149489,blaSHV-168,toward_susceptible
CIP,gene__blaSHV_187__5da02ed84baa,-0.35986423103020165,blaSHV-187,toward_susceptible
CIP,gene__blaSHV_202__381586083ab1,-0.13200643593839365,blaSHV-202,toward_susceptible
CIP,gene__blaSHV_207__92e0baed85d1,-0.08909245263171668,blaSHV-207,toward_susceptible
CIP,gene__blaSHV_26__e7d7b216e895,-0.09881874431484258,blaSHV-26,toward_susceptible
CIP,gene__blaSHV_27__0faf55eb38a5,-0.1502428377251251,blaSHV-27,toward_susceptible
CIP,gene__blaSHV_28__848c9d283ddc,0.5378609267063628,blaSHV-28,toward_resistant
CIP,gene__blaSHV_32__8f68dd883c23,-0.2235497894389015,blaSHV-32,toward_susceptible
CIP,gene__blaSHV_171__b46a6a5c3496,-0.10940741848204136,blaSHV-171,toward_susceptible
CIP,gene__blaSHV_36__de8aa5462be7,-0.08909245263171668,blaSHV-36,toward_susceptible
CIP,gene__blaSHV_52__3c738e9bcfdd,0.0,blaSHV-52,none
CIP,gene__blaSHV_60__82babea88ffe,-0.16607790615818682,blaSHV-60,toward_susceptible
CIP,gene__blaSHV_71__64710cc2e056,0.20862676711269035,blaSHV-71,toward_resistant
CIP,gene__blaSHV_75__8cfb7212ad81,-0.08909245263171668,blaSHV-75,toward_susceptible
CIP,gene__blaSHV_76__e4bc5c5d4260,0.0,blaSHV-76,none
CIP,gene__blaSHV_77__dd4db7d5427c,-0.08909245263171668,blaSHV-77,toward_susceptible
CIP,gene__blaSHV_5__766b16a665e3,0.18180585169108754,blaSHV-5,toward_resistant
CIP,gene__blaSHV_12__d89ed9fb6a79,0.2942445958305643,blaSHV-12,toward_resistant
CIP,gene__blaTEM_1__4f26c2c6a7cc,0.5175290371637342,blaTEM-1,toward_resistant
CIP,gene__blaVIM_1__b8633f36b0b4,-0.1388461695779121,blaVIM-1,toward_susceptible
CIP,gene__blaVIM_4__ed55a8109914,0.0,blaVIM-4,none
CIP,gene__catA1__660cc15104bb,0.38234271225131944,catA1,toward_resistant
CIP,gene__catA2__4347443d0785,-0.15582313194132527,catA2,toward_susceptible
CIP,gene__catB__4c7c8bd128b1,0.46343655020540747,catB,toward_resistant
CIP,gene__catB11__47750f628385,0.17258187495942956,catB11,toward_resistant
CIP,gene__catB2__9d488614d805,-0.1388461695779121,catB2,toward_susceptible
CIP,gene__catB3__bc428193ee96,0.9225677971242314,catB3,toward_resistant
CIP,gene__cmlA1__9fa4d895cb79,0.3115679702251767,cmlA1,toward_resistant
CIP,gene__cmlA5__e8c84368d378,0.44394108709318636,cmlA5,toward_resistant
CIP,gene__cmlA6__c45345700937,0.17258187495942956,cmlA6,toward_resistant
CIP,gene__dfr7__3de314457e0d,0.18180585169108754,dfr7,toward_resistant
CIP,gene__dfrA1__408cd02e6001,-0.12116339674666793,dfrA1,toward_susceptible
CIP,gene__dfrA12__c420466a1d49,0.18239291173555228,dfrA12,toward_resistant
CIP,gene__dfrA14__a289266e0f01,-0.10815102251240687,dfrA14,toward_susceptible
CIP,gene__dfrA18__6dc5a8b3fa07,-0.06911214654349275,dfrA18,toward_susceptible
CIP,gene__dfrA19__e643d9e8c22f,-0.03012060978124262,dfrA19,toward_susceptible
CIP,gene__dfrA27__1e67f448c6dd,0.10076348099937014,dfrA27,toward_resistant
CIP,gene__dfrA32__75c81905d551,-0.2235497894389015,dfrA32,toward_susceptible
CIP,gene__dfrA5__bdab96a3ae19,0.2679237017692008,dfrA5,toward_resistant
CIP,gene__dfrA7__abb2cd32375d,0.048929059627573976,dfrA7,toward_resistant
CIP,gene__dfrA8__c720609f7e1a,-0.21134004370956125,dfrA8,toward_susceptible
CIP,gene__erm_42__495068371c67,0.11263343806444603,erm(42),toward_resistant
CIP,gene__erm_B__25b1a1f314ce,0.06484749715719498,erm(B),toward_resistant
CIP,gene__ermC__1cc08102c15e,-0.08645449017464821,ermC,toward_susceptible
CIP,gene__floR__0150b5a65352,-0.07643043455249342,floR,toward_susceptible
CIP,gene__floR2__0d9f4cbd30dc,0.01010517065563857,floR2,toward_resistant
CIP,gene__fosA_gen__9f8699db5899,-0.6819339259376663,fosA_gen,toward_susceptible
CIP,gene__fosA5__20fcb919317e,-0.5576533228074014,fosA5,toward_susceptible
CIP,gene__fosA7__ca8d29f760ba,0.24830140735927794,fosA7,toward_resistant
CIP,gene__fosA7_3__9858be559cf3,-0.8168574151597955,fosA7.3,toward_susceptible
CIP,gene__mcr_1_1__cfcbc4d2489b,0.16343985896201904,mcr-1.1,toward_resistant
CIP,gene__mcr_8_1__c4b56e2f74fa,0.3577088258413193,mcr-8.1,toward_resistant
CIP,gene__mph_A__fd470d53e276,0.06490382568212774,mph(A),toward_resistant
CIP,gene__mph_B__d07c4a8ed0ae,0.3577088258413193,mph(B),toward_resistant
CIP,gene__mph_E__bbdc9db0677f,0.5596834287294582,mph(E),toward_resistant
CIP,gene__msr_E__bf31980dd0a7,0.5596834287294582,msr(E),toward_resistant
CIP,gene__qnrA1__1987f9bb8a71,-0.12661557730165887,qnrA1,toward_susceptible
CIP,gene__qnrB1__82385f8142c7,0.44668290715887427,qnrB1,toward_resistant
CIP,gene__qnrB19__f24b2e236d22,-0.0544775221158836,qnrB19,toward_susceptible
CIP,gene__qnrB4__a0abfc97db02,0.09050672225793269,qnrB4,toward_resistant
CIP,gene__qnrB6__68d60e35189d,0.5623369266573622,qnrB6,toward_resistant
CIP,gene__qnrB9__48a7c4a55798,-0.317819982998479,qnrB9,toward_susceptible
CIP,gene__qnrS1__dd225cb6bb26,0.22544007157694282,qnrS1,toward_resistant
CIP,gene__rmtB1__206fbadc2706,0.01010517065563857,rmtB1,toward_resistant
CIP,gene__rmtF1__98fa5442507e,0.46343655020540747,rmtF1,toward_resistant
CIP,gene__rmtH__0b842a786976,0.06878280645600283,rmtH,toward_resistant
CIP,gene__sul1__f3335816df53,0.9053257974296061,sul1,toward_resistant
CIP,gene__sul2__691bb44fc37d,-0.2886065742967158,sul2,toward_susceptible
CIP,gene__sul3__c35f66389909,0.3115679702251767,sul3,toward_resistant
CIP,gene__tet_A__77c7af2b14d7,-0.34981534185476815,tet(A),toward_susceptible
CIP,gene__tet_B__e414ad27e773,0.16343985896201904,tet(B),toward_resistant
CIP,gene__tet_D__3c1d9fd570ce,-0.20375405216202416,tet(D),toward_susceptible
CIP,gene__tet_G__ff8069e4bb7d,0.01010517065563857,tet(G),toward_resistant
CIP,gene__tet_M__d76e29348b04,-0.2235497894389015,tet(M),toward_susceptible
CIP,gene__tet_X__9c42914df2c5,0.2527458497323861,tet(X),toward_resistant
CIP,variant__OmpK35_17__66f4c20ddacd,0.1734921642238362,OmpK35-17%,toward_resistant
CIP,variant__OmpK35_21__31dd4cc2c7ca,0.17385527859370353,OmpK35-21%,toward_resistant
CIP,variant__OmpK35_25__fd91e78b8b94,0.25060803487188404,OmpK35-25%,toward_resistant
CIP,variant__OmpK35_30__62c7989dcb3c,0.06484749715719498,OmpK35-30%,toward_resistant
CIP,variant__OmpK35_59__aa2f1c0ae1df,0.2922677025303637,OmpK35-59%,toward_resistant
CIP,variant__OmpK35_72__737848bea52e,0.25050541623944095,OmpK35-72%,toward_resistant
CIP,variant__OmpK35_76__298f13b13ce1,0.5620289120102315,OmpK35-76%,toward_resistant
CIP,variant__OmpK35_87__b0d3a2ebe702,0.01010517065563857,OmpK35-87%,toward_resistant
CIP,variant__OmpK36GD__a3b86b232e9f,0.5074114012083847,OmpK36GD,toward_resistant
CIP,variant__OmpK36TD__f8db20b567d2,0.39858905304821246,OmpK36TD,toward_resistant
CIP,variant__MgrB_0__31a2fe707ea6,0.1734921642238362,MgrB-0%,toward_resistant
CIP,variant__MgrB_32__0323946870fa,0.026514421201655584,MgrB-32%,toward_resistant
CIP,variant__MgrB_49__684df5ce7bab,0.12609029085614493,MgrB-49%,toward_resistant
CIP,variant__MgrB_51__fd69d10f80c0,0.15330915298016537,MgrB-51%,toward_resistant
CIP,variant__MgrB_53__ec8926a14680,0.045810491226151835,MgrB-53%,toward_resistant
CIP,variant__MgrB_89__851202355ac8,0.46342132253137325,MgrB-89%,toward_resistant
SXT,gene__aac_2_Iia__9c86f637dab6,-0.09937220230748782,aac(2')-Iia,toward_susceptible
SXT,gene__aac_3_IId__0ca553a3e15f,-0.15649180792185208,aac(3)-IId,toward_susceptible
SXT,gene__aac_3_IIe__0590cef7e34d,0.1599784136200748,aac(3)-IIe,toward_resistant
SXT,gene__aac_3_IIg__f145d4456597,0.1731443797809878,aac(3)-IIg,toward_resistant
SXT,gene__aac_3_IVa__74bd15e0ab3f,0.13645594652872345,aac(3)-IVa,toward_resistant
SXT,gene__aac_6_Ib4__83a5f45c9699,0.27663523745029145,aac(6')-Ib4,toward_resistant
SXT,gene__aac_6_Ib_AKT__5ca650df53c2,0.04872430902266765,aac(6')-Ib-AKT,toward_resistant
SXT,gene__aac_6_Ib__22bae5c8a74e,0.14905996064710816,aac(6')-Ib,toward_resistant
SXT,gene__aac_6_Ib_cr5__ec16b29386f5,0.13620504663885458,aac(6')-Ib-cr5,toward_resistant
SXT,gene__aac_6_Ib_G__566c8f5f56fc,0.10634124781196021,aac(6')-Ib-G,toward_resistant
SXT,gene__aac_6_IIc__5125879a4c57,0.1731443797809878,aac(6')-IIc,toward_resistant
SXT,gene__aac_6_Il__43e6a7176631,0.012057154893867864,aac(6')-Il,toward_resistant
SXT,gene__aadA1__15687b499fd6,0.9948460569247004,aadA1,toward_resistant
SXT,gene__aadA16__3e668ce14552,0.2955205947354101,aadA16,toward_resistant
SXT,gene__aadA2__d33a4eec592a,0.6601105978120045,aadA2,toward_resistant
SXT,gene__ant_2_Ia__4f7da569764e,0.21580615177772755,ant(2'')-Ia,toward_resistant
SXT,gene__aph_3_Ia__3d72b1a8886b,-0.41730002373658465,aph(3')-Ia,toward_susceptible
SXT,gene__aph_3_Ib__42354e4cc2ec,0.762977195049332,aph(3'')-Ib,toward_resistant
SXT,gene__aph_3_VI__709faaabdc88,-0.17835326894029052,aph(3')-VI,toward_susceptible
SXT,gene__aph_3_Vib__d9a2b83d591e,0.0307064096838679,aph(3')-Vib,toward_resistant
SXT,gene__aph_3_XV__54118836b92b,0.20953339044691674,aph(3')-XV,toward_resistant
SXT,gene__aph_4_Ia__37a4ead2ddca,0.13645594652872345,aph(4)-Ia,toward_resistant
SXT,gene__aph_6_Id__f94324227069,0.7546122500477346,aph(6)-Id,toward_resistant
SXT,gene__armA__1e3e7a5cbbf7,-0.03541496424212892,armA,toward_susceptible
SXT,gene__arr_2__3f94280a4461,-0.001492150306312488,arr-2,toward_susceptible
SXT,gene__arr_269927220__e45b2c03e53a,0.1731443797809878,arr-269927220,toward_resistant
SXT,gene__arr_3__3ee789662ef8,0.3678794152849601,arr-3,toward_resistant
SXT,gene__arr_8_like__f42aa4ad0eab,0.0047861268303744375,arr-8-like,toward_resistant
SXT,gene__blaCARB_2__24c64e94426d,0.2691630076260214,blaCARB-2,toward_resistant
SXT,gene__blaCMY_4__1b7453f819b2,0.013822550710492107,blaCMY-4,toward_resistant
SXT,gene__blaCTX_M_14__fc9c58acd0f5,-0.28241586085247167,blaCTX-M-14,toward_susceptible
SXT,gene__blaCTX_M_15__b1d9b9d47471,0.2637312801804498,blaCTX-M-15,toward_resistant
SXT,gene__blaCTX_M_3__3ded50be1fb4,-0.10135388411669803,blaCTX-M-3,toward_susceptible
SXT,gene__blaCTX_M_55__1df213c735c7,0.04825598881547213,blaCTX-M-55,toward_resistant
SXT,gene__blaDHA_1__e60f091f95c5,0.020846111779751524,blaDHA-1,toward_resistant
SXT,gene__blaFOX_5__8b528f2222bf,0.1593250662525395,blaFOX-5,toward_resistant
SXT,gene__blaGES_5__35846c68064b,0.0047861268303744375,blaGES-5,toward_resistant
SXT,gene__blaIMP_15__80046691531c,0.0671018470033747,blaIMP-15,toward_resistant
SXT,gene__blaKPC_2__1215ec196a62,0.292818642103812,blaKPC-2,toward_resistant
SXT,gene__blaKPC_3__4f23d51e3cfe,0.20453267635621653,blaKPC-3,toward_resistant
SXT,gene__blaNDM_1__47f592955a0b,0.19164008961516285,blaNDM-1,toward_resistant
SXT,gene__blaNDM_5__97581221d5db,0.05973346612902345,blaNDM-5,toward_resistant
SXT,gene__blaNDM_7__83931ed5221d,0.0021371249884276967,blaNDM-7,toward_resistant
SXT,gene__blaOXA_1__33637d4ebdae,-0.15199755398074974,blaOXA-1,toward_susceptible
SXT,gene__blaOXA_10__c7efc8d7affe,-0.16756686424729617,blaOXA-10,toward_susceptible
SXT,gene__blaOXA_9__b5c8a779ea6c,0.04664262753198543,blaOXA-9,toward_resistant
SXT,gene__blaOXA_181__cb068f61c2a5,0.1365634518197735,blaOXA-181,toward_resistant
SXT,gene__blaOXA_232__dac1198d664c,0.21246361082721024,blaOXA-232,toward_resistant
SXT,gene__blaOXA_48__a80281b6de74,-0.34969038478734055,blaOXA-48,toward_susceptible
SXT,gene__blaOXA_2__06018aa29e0a,0.13305803828991616,blaOXA-2,toward_resistant
SXT,gene__blaSHV_1__2856649d1151,-0.020613383426985512,blaSHV-1,toward_susceptible
SXT,gene__blaSHV_11__6cfbd3be8d6f,-0.23080234053885282,blaSHV-11,toward_susceptible
SXT,gene__blaSHV_119__8313292abae2,-0.09668853360366156,blaSHV-119,toward_susceptible
SXT,gene__blaSHV_142__712c82344f14,0.36565855634748895,blaSHV-142,toward_resistant
SXT,gene__blaSHV_168__2919af75fa14,-0.5297432363043644,blaSHV-168,toward_susceptible
SXT,gene__blaSHV_187__5da02ed84baa,-0.22909914469610662,blaSHV-187,toward_susceptible
SXT,gene__blaSHV_202__381586083ab1,0.0533772617779675,blaSHV-202,toward_resistant
SXT,gene__blaSHV_207__92e0baed85d1,-0.09668853360366156,blaSHV-207,toward_susceptible
SXT,gene__blaSHV_26__e7d7b216e895,-0.16693132328129529,blaSHV-26,toward_susceptible
SXT,gene__blaSHV_27__0faf55eb38a5,0.01576123446203515,blaSHV-27,toward_resistant
SXT,gene__blaSHV_28__848c9d283ddc,-0.1040594222886938,blaSHV-28,toward_susceptible
SXT,gene__blaSHV_32__8f68dd883c23,0.04825598881547213,blaSHV-32,toward_resistant
SXT,gene__blaSHV_171__b46a6a5c3496,-0.09168013775333712,blaSHV-171,toward_susceptible
SXT,gene__blaSHV_36__de8aa5462be7,-0.09668853360366156,blaSHV-36,toward_susceptible
SXT,gene__blaSHV_52__3c738e9bcfdd,0.01874490719725066,blaSHV-52,toward_resistant
SXT,gene__blaSHV_60__82babea88ffe,-0.1794024012176596,blaSHV-60,toward_susceptible
SXT,gene__blaSHV_71__64710cc2e056,0.01874490719725066,blaSHV-71,toward_resistant
SXT,gene__blaSHV_75__8cfb7212ad81,-0.09668853360366156,blaSHV-75,toward_susceptible
SXT,gene__blaSHV_76__e4bc5c5d4260,0.024423488842566708,blaSHV-76,toward_resistant
SXT,gene__blaSHV_77__dd4db7d5427c,-0.09668853360366156,blaSHV-77,toward_susceptible
SXT,gene__blaSHV_5__766b16a665e3,0.13305803828991616,blaSHV-5,toward_resistant
SXT,gene__blaSHV_12__d89ed9fb6a79,0.37527458804268765,blaSHV-12,toward_resistant
SXT,gene__blaTEM_1__4f26c2c6a7cc,0.14895354334978742,blaTEM-1,toward_resistant
SXT,gene__blaVIM_1__b8633f36b0b4,0.20953339044691674,blaVIM-1,toward_resistant
SXT,gene__blaVIM_4__ed55a8109914,0.012057154893867864,blaVIM-4,toward_resistant
SXT,gene__catA1__660cc15104bb,0.19504537270289507,catA1,toward_resistant
SXT,gene__catA2__4347443d0785,0.42749901602835383,catA2,toward_resistant
SXT,gene__catB__4c7c8bd128b1,0.24290469963173372,catB,toward_resistant
SXT,gene__catB11__47750f628385,0.1593250662525395,catB11,toward_resistant
SXT,gene__catB2__9d488614d805,0.20953339044691674,catB2,toward_resistant
SXT,gene__catB3__bc428193ee96,0.1126372567652057,catB3,toward_resistant
SXT,gene__cmlA1__9fa4d895cb79,0.15770627763037967,cmlA1,toward_resistant
SXT,gene__cmlA5__e8c84368d378,-0.12182818665064883,cmlA5,toward_susceptible
SXT,gene__cmlA6__c45345700937,0.1593250662525395,cmlA6,toward_resistant
SXT,gene__dfr7__3de314457e0d,0.13305803828991616,dfr7,toward_resistant
SXT,gene__dfrA1__408cd02e6001,0.7201109881575671,dfrA1,toward_resistant
SXT,gene__dfrA12__c420466a1d49,0.33211270602876564,dfrA12,toward_resistant
SXT,gene__dfrA14__a289266e0f01,0.36253060437003487,dfrA14,toward_resistant
SXT,gene__dfrA18__6dc5a8b3fa07,0.5071877686753481,dfrA18,toward_resistant
SXT,gene__dfrA19__e643d9e8c22f,0.3324694460335273,dfrA19,toward_resistant
SXT,gene__dfrA27__1e67f448c6dd,0.2955205947354101,dfrA27,toward_resistant
SXT,gene__dfrA32__75c81905d551,0.04825598881547213,dfrA32,toward_resistant
SXT,gene__dfrA5__bdab96a3ae19,0.051428754362359864,dfrA5,toward_resistant
SXT,gene__dfrA7__abb2cd32375d,-0.15329736895782298,dfrA7,toward_susceptible
SXT,gene__dfrA8__c720609f7e1a,0.4096191904943659,dfrA8,toward_resistant
SXT,gene__erm_42__495068371c67,0.0021371249884276967,erm(42),toward_resistant
SXT,gene__erm_B__25b1a1f314ce,-0.2992899372680232,erm(B),toward_susceptible
SXT,gene__ermC__1cc08102c15e,-0.10135388411669803,ermC,toward_susceptible
SXT,gene__floR__0150b5a65352,0.2966042029011936,floR,toward_resistant
SXT,gene__floR2__0d9f4cbd30dc,0.0013147469653271297,floR2,toward_resistant
SXT,gene__fosA_gen__9f8699db5899,-0.9326000549921953,fosA_gen,toward_susceptible
SXT,gene__fosA5__20fcb919317e,-0.23526607054644583,fosA5,toward_susceptible
SXT,gene__fosA7__ca8d29f760ba,-0.06375804807528111,fosA7,toward_susceptible
SXT,gene__fosA7_3__9858be559cf3,-0.11592558566879711,fosA7.3,toward_susceptible
SXT,gene__mcr_1_1__cfcbc4d2489b,0.19523551677479134,mcr-1.1,toward_resistant
SXT,gene__mcr_8_1__c4b56e2f74fa,0.027922089678056018,mcr-8.1,toward_resistant
SXT,gene__mph_A__fd470d53e276,0.0011351970700952813,mph(A),toward_resistant
SXT,gene__mph_B__d07c4a8ed0ae,0.027922089678056018,mph(B),toward_resistant
SXT,gene__mph_E__bbdc9db0677f,0.12391010201041058,mph(E),toward_resistant
SXT,gene__msr_E__bf31980dd0a7,0.12391010201041058,msr(E),toward_resistant
SXT,gene__qnrA1__1987f9bb8a71,0.03667620232702576,qnrA1,toward_resistant
SXT,gene__qnrB1__82385f8142c7,0.8601609329393837,qnrB1,toward_resistant
SXT,gene__qnrB19__f24b2e236d22,-0.06062652161105696,qnrB19,toward_susceptible
SXT,gene__qnrB4__a0abfc97db02,0.020846111779751524,qnrB4,toward_resistant
SXT,gene__qnrB6__68d60e35189d,-0.17178010051237988,qnrB6,toward_susceptible
SXT,gene__qnrB9__48a7c4a55798,0.0787883346459333,qnrB9,toward_resistant
SXT,gene__qnrS1__dd225cb6bb26,-0.12244840530425051,qnrS1,toward_susceptible
SXT,gene__rmtB1__206fbadc2706,0.0013147469653271297,rmtB1,toward_resistant
SXT,gene__rmtF1__98fa5442507e,0.24290469963173372,rmtF1,toward_resistant
SXT,gene__rmtH__0b842a786976,0.013822550710492107,rmtH,toward_resistant
SXT,gene__sul1__f3335816df53,1.4327287206146493,sul1,toward_resistant
SXT,gene__sul2__691bb44fc37d,1.6225675366456287,sul2,toward_resistant
SXT,gene__sul3__c35f66389909,0.15770627763037967,sul3,toward_resistant
SXT,gene__tet_A__77c7af2b14d7,1.0445831958216931,tet(A),toward_resistant
SXT,gene__tet_B__e414ad27e773,0.19523551677479134,tet(B),toward_resistant
SXT,gene__tet_D__3c1d9fd570ce,-0.3130416325978064,tet(D),toward_susceptible
SXT,gene__tet_G__ff8069e4bb7d,0.0013147469653271297,tet(G),toward_resistant
SXT,gene__tet_M__d76e29348b04,0.04825598881547213,tet(M),toward_resistant
SXT,gene__tet_X__9c42914df2c5,0.0671018470033747,tet(X),toward_resistant
SXT,variant__OmpK35_17__66f4c20ddacd,-0.12649067108724407,OmpK35-17%,toward_susceptible
SXT,variant__OmpK35_21__31dd4cc2c7ca,0.017228094052418905,OmpK35-21%,toward_resistant
SXT,variant__OmpK35_25__fd91e78b8b94,0.2169529192807498,OmpK35-25%,toward_resistant
SXT,variant__OmpK35_30__62c7989dcb3c,0.10634124781196021,OmpK35-30%,toward_resistant
SXT,variant__OmpK35_59__aa2f1c0ae1df,-0.02131363710344659,OmpK35-59%,toward_susceptible
SXT,variant__OmpK35_72__737848bea52e,-0.08542964373495361,OmpK35-72%,toward_susceptible
SXT,variant__OmpK35_76__298f13b13ce1,0.3317989685945648,OmpK35-76%,toward_resistant
SXT,variant__OmpK35_87__b0d3a2ebe702,0.0013147469653271297,OmpK35-87%,toward_resistant
SXT,variant__OmpK36GD__a3b86b232e9f,0.10577529127104039,OmpK36GD,toward_resistant
SXT,variant__OmpK36TD__f8db20b567d2,0.1365634518197735,OmpK36TD,toward_resistant
SXT,variant__MgrB_0__31a2fe707ea6,-0.12649067108724407,MgrB-0%,toward_susceptible
SXT,variant__MgrB_32__0323946870fa,0.0307064096838679,MgrB-32%,toward_resistant
SXT,variant__MgrB_49__684df5ce7bab,0.032581176405849135,MgrB-49%,toward_resistant
SXT,variant__MgrB_51__fd69d10f80c0,0.14905996064710816,MgrB-51%,toward_resistant
SXT,variant__MgrB_53__ec8926a14680,0.02125033110165622,MgrB-53%,toward_resistant
SXT,variant__MgrB_89__851202355ac8,0.20988802398066622,MgrB-89%,toward_resistant
GEN,gene__aac_2_Iia__9c86f637dab6,-0.06246473806197187,aac(2')-Iia,toward_susceptible
GEN,gene__aac_3_IId__0ca553a3e15f,1.7205139295450413,aac(3)-IId,toward_resistant
GEN,gene__aac_3_IIe__0590cef7e34d,2.0878855037899093,aac(3)-IIe,toward_resistant
GEN,gene__aac_3_IIg__f145d4456597,0.17266585927125352,aac(3)-IIg,toward_resistant
GEN,gene__aac_3_IVa__74bd15e0ab3f,0.5076919166021362,aac(3)-IVa,toward_resistant
GEN,gene__aac_6_Ib4__83a5f45c9699,-0.14936320751632065,aac(6')-Ib4,toward_susceptible
GEN,gene__aac_6_Ib_AKT__5ca650df53c2,-0.050527912743365364,aac(6')-Ib-AKT,toward_susceptible
GEN,gene__aac_6_Ib__22bae5c8a74e,0.0,aac(6')-Ib,none
GEN,gene__aac_6_Ib_cr5__ec16b29386f5,-0.1804626052878792,aac(6')-Ib-cr5,toward_susceptible
GEN,gene__aac_6_Ib_G__566c8f5f56fc,0.21241707434000692,aac(6')-Ib-G,toward_resistant
GEN,gene__aac_6_IIc__5125879a4c57,0.17266585927125352,aac(6')-IIc,toward_resistant
GEN,gene__aac_6_Il__43e6a7176631,0.02874402316104331,aac(6')-Il,toward_resistant
GEN,gene__aadA1__15687b499fd6,0.11344567602138066,aadA1,toward_resistant
GEN,gene__aadA16__3e668ce14552,0.0033529795316379657,aadA16,toward_resistant
GEN,gene__aadA2__d33a4eec592a,-0.13791777456601312,aadA2,toward_susceptible
GEN,gene__ant_2_Ia__4f7da569764e,0.23940658286251887,ant(2'')-Ia,toward_resistant
GEN,gene__aph_3_Ia__3d72b1a8886b,0.3402925233428028,aph(3')-Ia,toward_resistant
GEN,gene__aph_3_Ib__42354e4cc2ec,0.07349259166662496,aph(3'')-Ib,toward_resistant
GEN,gene__aph_3_VI__709faaabdc88,-0.1165471273260241,aph(3')-VI,toward_susceptible
GEN,gene__aph_3_Vib__d9a2b83d591e,0.13334758310660225,aph(3')-Vib,toward_resistant
GEN,gene__aph_3_XV__54118836b92b,-0.04687835624680428,aph(3')-XV,toward_susceptible
GEN,gene__aph_4_Ia__37a4ead2ddca,0.5076919166021362,aph(4)-Ia,toward_resistant
GEN,gene__aph_6_Id__f94324227069,0.3794857200194687,aph(6)-Id,toward_resistant
GEN,gene__armA__1e3e7a5cbbf7,0.4793100355631168,armA,toward_resistant
GEN,gene__arr_2__3f94280a4461,0.5677322223125117,arr-2,toward_resistant
GEN,gene__arr_269927220__e45b2c03e53a,0.17266585927125352,arr-269927220,toward_resistant
GEN,gene__arr_3__3ee789662ef8,-0.371331448860194,arr-3,toward_susceptible
GEN,gene__arr_8_like__f42aa4ad0eab,-0.24633476178277672,arr-8-like,toward_susceptible
GEN,gene__blaCARB_2__24c64e94426d,-0.11698028362852034,blaCARB-2,toward_susceptible
GEN,gene__blaCMY_4__1b7453f819b2,0.09911207670060043,blaCMY-4,toward_resistant
GEN,gene__blaCTX_M_14__fc9c58acd0f5,0.5134654388318327,blaCTX-M-14,toward_resistant
GEN,gene__blaCTX_M_15__b1d9b9d47471,0.23203261220463126,blaCTX-M-15,toward_resistant
GEN,gene__blaCTX_M_3__3ded50be1fb4,-0.07320322919843687,blaCTX-M-3,toward_susceptible
GEN,gene__blaCTX_M_55__1df213c735c7,0.18686660605616168,blaCTX-M-55,toward_resistant
GEN,gene__blaDHA_1__e60f091f95c5,0.08337252425232826,blaDHA-1,toward_resistant
GEN,gene__blaFOX_5__8b528f2222bf,0.0,blaFOX-5,none
GEN,gene__blaGES_5__35846c68064b,-0.24633476178277672,blaGES-5,toward_susceptible
GEN,gene__blaIMP_15__80046691531c,-0.10248485126951638,blaIMP-15,toward_susceptible
GEN,gene__blaKPC_2__1215ec196a62,0.054584680870823736,blaKPC-2,toward_resistant
GEN,gene__blaKPC_3__4f23d51e3cfe,0.226553947113375,blaKPC-3,toward_resistant
GEN,gene__blaNDM_1__47f592955a0b,-0.12033462521959626,blaNDM-1,toward_susceptible
GEN,gene__blaNDM_5__97581221d5db,0.0,blaNDM-5,none
GEN,gene__blaNDM_7__83931ed5221d,0.07277143305197233,blaNDM-7,toward_resistant
GEN,gene__blaOXA_1__33637d4ebdae,0.3226889503053469,blaOXA-1,toward_resistant
GEN,gene__blaOXA_10__c7efc8d7affe,0.35531514797250485,blaOXA-10,toward_resistant
GEN,gene__blaOXA_9__b5c8a779ea6c,-0.09828030894509275,blaOXA-9,toward_susceptible
GEN,gene__blaOXA_181__cb068f61c2a5,0.3393297775008146,blaOXA-181,toward_resistant
GEN,gene__blaOXA_232__dac1198d664c,-0.020686293482292156,blaOXA-232,toward_susceptible
GEN,gene__blaOXA_48__a80281b6de74,0.14057149502761765,blaOXA-48,toward_resistant
GEN,gene__blaOXA_2__06018aa29e0a,0.15923725009645961,blaOXA-2,toward_resistant
GEN,gene__blaSHV_1__2856649d1151,-0.5204800901972559,blaSHV-1,toward_susceptible
GEN,gene__blaSHV_11__6cfbd3be8d6f,-0.6286698536626376,blaSHV-11,toward_susceptible
GEN,gene__blaSHV_119__8313292abae2,-0.08809044280997616,blaSHV-119,toward_susceptible
GEN,gene__blaSHV_142__712c82344f14,0.21299511576880895,blaSHV-142,toward_resistant
GEN,gene__blaSHV_168__2919af75fa14,-0.18930321188959046,blaSHV-168,toward_susceptible
GEN,gene__blaSHV_187__5da02ed84baa,-0.44682732993014934,blaSHV-187,toward_susceptible
GEN,gene__blaSHV_202__381586083ab1,-0.2823748151749067,blaSHV-202,toward_susceptible
GEN,gene__blaSHV_207__92e0baed85d1,-0.08809044280997616,blaSHV-207,toward_susceptible
GEN,gene__blaSHV_26__e7d7b216e895,-0.1329142316323782,blaSHV-26,toward_susceptible
GEN,gene__blaSHV_27__0faf55eb38a5,-0.17310025757220765,blaSHV-27,toward_susceptible
GEN,gene__blaSHV_28__848c9d283ddc,0.6385089892644026,blaSHV-28,toward_resistant
GEN,gene__blaSHV_32__8f68dd883c23,0.18686660605616168,blaSHV-32,toward_resistant
GEN,gene__blaSHV_171__b46a6a5c3496,-0.07258449443070984,blaSHV-171,toward_susceptible
GEN,gene__blaSHV_36__de8aa5462be7,-0.08809044280997616,blaSHV-36,toward_susceptible
GEN,gene__blaSHV_52__3c738e9bcfdd,0.06220818607337182,blaSHV-52,toward_resistant
GEN,gene__blaSHV_60__82babea88ffe,-0.16431003456648247,blaSHV-60,toward_susceptible
GEN,gene__blaSHV_71__64710cc2e056,0.06220818607337182,blaSHV-71,toward_resistant
GEN,gene__blaSHV_75__8cfb7212ad81,-0.08809044280997616,blaSHV-75,toward_susceptible
GEN,gene__blaSHV_76__e4bc5c5d4260,0.3299057686806955,blaSHV-76,toward_resistant
GEN,gene__blaSHV_77__dd4db7d5427c,-0.08809044280997616,blaSHV-77,toward_susceptible
GEN,gene__blaSHV_5__766b16a665e3,0.15923725009645961,blaSHV-5,toward_resistant
GEN,gene__blaSHV_12__d89ed9fb6a79,0.5463134692119921,blaSHV-12,toward_resistant
GEN,gene__blaTEM_1__4f26c2c6a7cc,0.6056075976064897,blaTEM-1,toward_resistant
GEN,gene__blaVIM_1__b8633f36b0b4,-0.04687835624680428,blaVIM-1,toward_susceptible
GEN,gene__blaVIM_4__ed55a8109914,0.02874402316104331,blaVIM-4,toward_resistant
GEN,gene__catA1__660cc15104bb,-0.11035088327744855,catA1,toward_susceptible
GEN,gene__catA2__4347443d0785,0.37146818085032707,catA2,toward_resistant
GEN,gene__catB__4c7c8bd128b1,0.5517468518408215,catB,toward_resistant
GEN,gene__catB11__47750f628385,0.0,catB11,none
GEN,gene__catB2__9d488614d805,-0.04687835624680428,catB2,toward_susceptible
GEN,gene__catB3__bc428193ee96,0.5594079219580379,catB3,toward_resistant
GEN,gene__cmlA1__9fa4d895cb79,0.16298505023926296,cmlA1,toward_resistant
GEN,gene__cmlA5__e8c84368d378,0.5720517466506565,cmlA5,toward_resistant
GEN,gene__cmlA6__c45345700937,0.0,cmlA6,none
GEN,gene__dfr7__3de314457e0d,0.15923725009645961,dfr7,toward_resistant
GEN,gene__dfrA1__408cd02e6001,0.3656603815788325,dfrA1,toward_resistant
GEN,gene__dfrA12__c420466a1d49,0.17378613813036128,dfrA12,toward_resistant
GEN,gene__dfrA14__a289266e0f01,0.027838830162575698,dfrA14,toward_resistant
GEN,gene__dfrA18__6dc5a8b3fa07,-0.060143488849438334,dfrA18,toward_susceptible
GEN,gene__dfrA19__e643d9e8c22f,0.17266585927125352,dfrA19,toward_resistant
GEN,gene__dfrA27__1e67f448c6dd,0.0033529795316379657,dfrA27,toward_resistant
GEN,gene__dfrA32__75c81905d551,0.18686660605616168,dfrA32,toward_resistant
GEN,gene__dfrA5__bdab96a3ae19,-0.34461507072786945,dfrA5,toward_susceptible
GEN,gene__dfrA7__abb2cd32375d,0.08292482131924442,dfrA7,toward_resistant
GEN,gene__dfrA8__c720609f7e1a,-0.11142540901024583,dfrA8,toward_susceptible
GEN,gene__erm_42__495068371c67,0.07277143305197233,erm(42),toward_resistant
GEN,gene__erm_B__25b1a1f314ce,0.37807202499724607,erm(B),toward_resistant
GEN,gene__ermC__1cc08102c15e,-0.07320322919843687,ermC,toward_susceptible
GEN,gene__floR__0150b5a65352,0.3099406195648786,floR,toward_resistant
GEN,gene__floR2__0d9f4cbd30dc,0.006074038976676162,floR2,toward_resistant
GEN,gene__fosA_gen__9f8699db5899,-0.8590863401890735,fosA_gen,toward_susceptible
GEN,gene__fosA5__20fcb919317e,-0.3525227057757376,fosA5,toward_susceptible
GEN,gene__fosA7__ca8d29f760ba,-0.22594187400822272,fosA7,toward_susceptible
GEN,gene__fosA7_3__9858be559cf3,-0.1844644970942169,fosA7.3,toward_susceptible
GEN,gene__mcr_1_1__cfcbc4d2489b,-0.11979375994073888,mcr-1.1,toward_susceptible
GEN,gene__mcr_8_1__c4b56e2f74fa,-0.1533573795775129,mcr-8.1,toward_susceptible
GEN,gene__mph_A__fd470d53e276,-0.32706751939044626,mph(A),toward_susceptible
GEN,gene__mph_B__d07c4a8ed0ae,-0.1533573795775129,mph(B),toward_susceptible
GEN,gene__mph_E__bbdc9db0677f,0.4793100355631168,mph(E),toward_resistant
GEN,gene__msr_E__bf31980dd0a7,0.4793100355631168,msr(E),toward_resistant
GEN,gene__qnrA1__1987f9bb8a71,0.22134052629997233,qnrA1,toward_resistant
GEN,gene__qnrB1__82385f8142c7,0.5115204662955902,qnrB1,toward_resistant
GEN,gene__qnrB19__f24b2e236d22,-0.08114952137151,qnrB19,toward_susceptible
GEN,gene__qnrB4__a0abfc97db02,0.08337252425232826,qnrB4,toward_resistant
GEN,gene__qnrB6__68d60e35189d,0.12967541748373906,qnrB6,toward_resistant
GEN,gene__qnrB9__48a7c4a55798,0.3665536834997551,qnrB9,toward_resistant
GEN,gene__qnrS1__dd225cb6bb26,-0.14781078677586726,qnrS1,toward_susceptible
GEN,gene__rmtB1__206fbadc2706,0.006074038976676162,rmtB1,toward_resistant
GEN,gene__rmtF1__98fa5442507e,0.5517468518408215,rmtF1,toward_resistant
GEN,gene__rmtH__0b842a786976,0.09911207670060043,rmtH,toward_resistant
GEN,gene__sul1__f3335816df53,0.34129908721116886,sul1,toward_resistant
GEN,gene__sul2__691bb44fc37d,0.0803050413507296,sul2,toward_resistant
GEN,gene__sul3__c35f66389909,0.16298505023926296,sul3,toward_resistant
GEN,gene__tet_A__77c7af2b14d7,0.2000917158177595,tet(A),toward_resistant
GEN,gene__tet_B__e414ad27e773,-0.11979375994073888,tet(B),toward_susceptible
GEN,gene__tet_D__3c1d9fd570ce,0.3500507109117183,tet(D),toward_resistant
GEN,gene__tet_G__ff8069e4bb7d,0.006074038976676162,tet(G),toward_resistant
GEN,gene__tet_M__d76e29348b04,0.18686660605616168,tet(M),toward_resistant
GEN,gene__tet_X__9c42914df2c5,-0.10248485126951638,tet(X),toward_susceptible
GEN,variant__OmpK35_17__66f4c20ddacd,-0.13752899187076936,OmpK35-17%,toward_susceptible
GEN,variant__OmpK35_21__31dd4cc2c7ca,0.09910746645844672,OmpK35-21%,toward_resistant
GEN,variant__OmpK35_25__fd91e78b8b94,-0.44298717530796594,OmpK35-25%,toward_susceptible
GEN,variant__OmpK35_30__62c7989dcb3c,0.21241707434000692,OmpK35-30%,toward_resistant
GEN,variant__OmpK35_59__aa2f1c0ae1df,0.6154886877259845,OmpK35-59%,toward_resistant
GEN,variant__OmpK35_72__737848bea52e,-0.10295573724008299,OmpK35-72%,toward_susceptible
GEN,variant__OmpK35_76__298f13b13ce1,0.21953601756007576,OmpK35-76%,toward_resistant
GEN,variant__OmpK35_87__b0d3a2ebe702,0.006074038976676162,OmpK35-87%,toward_resistant
GEN,variant__OmpK36GD__a3b86b232e9f,0.10655518584772998,OmpK36GD,toward_resistant
GEN,variant__OmpK36TD__f8db20b567d2,0.3393297775008146,OmpK36TD,toward_resistant
GEN,variant__MgrB_0__31a2fe707ea6,-0.13752899187076936,MgrB-0%,toward_susceptible
GEN,variant__MgrB_32__0323946870fa,0.13334758310660225,MgrB-32%,toward_resistant
GEN,variant__MgrB_49__684df5ce7bab,0.09470987924323124,MgrB-49%,toward_resistant
GEN,variant__MgrB_51__fd69d10f80c0,0.0,MgrB-51%,none
GEN,variant__MgrB_53__ec8926a14680,-0.3447068663628732,MgrB-53%,toward_susceptible
GEN,variant__MgrB_89__851202355ac8,0.4985670275972742,MgrB-89%,toward_resistant
CT,gene__aac_2_Iia__9c86f637dab6,-0.13192333998845732,aac(2')-Iia,toward_susceptible
CT,gene__aac_3_IId__0ca553a3e15f,0.11240508966924931,aac(3)-IId,toward_resistant
CT,gene__aac_3_IIe__0590cef7e34d,0.7959772415702394,aac(3)-IIe,toward_resistant
CT,gene__aac_3_IIg__f145d4456597,-0.2007679355813889,aac(3)-IIg,toward_susceptible
CT,gene__aac_3_IVa__74bd15e0ab3f,0.2946822007443575,aac(3)-IVa,toward_resistant
CT,gene__aac_6_Ib4__83a5f45c9699,0.5316617646876498,aac(6')-Ib4,toward_resistant
CT,gene__aac_6_Ib_AKT__5ca650df53c2,0.4289315204437971,aac(6')-Ib-AKT,toward_resistant
CT,gene__aac_6_Ib__22bae5c8a74e,0.08899158539526664,aac(6')-Ib,toward_resistant
CT,gene__aac_6_Ib_cr5__ec16b29386f5,0.6071360432334751,aac(6')-Ib-cr5,toward_resistant
CT,gene__aac_6_Ib_G__566c8f5f56fc,0.08241409795469158,aac(6')-Ib-G,toward_resistant
CT,gene__aac_6_IIc__5125879a4c57,-0.2007679355813889,aac(6')-IIc,toward_susceptible
CT,gene__aac_6_Il__43e6a7176631,0.049106746069765346,aac(6')-Il,toward_resistant
CT,gene__aadA1__15687b499fd6,0.71131137995274,aadA1,toward_resistant
CT,gene__aadA16__3e668ce14552,0.3917456838523244,aadA16,toward_resistant
CT,gene__aadA2__d33a4eec592a,-0.10751283291790276,aadA2,toward_susceptible
CT,gene__ant_2_Ia__4f7da569764e,0.5834136454819914,ant(2'')-Ia,toward_resistant
CT,gene__aph_3_Ia__3d72b1a8886b,-0.28680117469577077,aph(3')-Ia,toward_susceptible
CT,gene__aph_3_Ib__42354e4cc2ec,-0.28273587026450725,aph(3'')-Ib,toward_susceptible
CT,gene__aph_3_VI__709faaabdc88,0.1727331484161608,aph(3')-VI,toward_resistant
CT,gene__aph_3_Vib__d9a2b83d591e,0.02546040340720875,aph(3')-Vib,toward_resistant
CT,gene__aph_3_XV__54118836b92b,0.3879803806519925,aph(3')-XV,toward_resistant
CT,gene__aph_4_Ia__37a4ead2ddca,0.2946822007443575,aph(4)-Ia,toward_resistant
CT,gene__aph_6_Id__f94324227069,0.06515181613037144,aph(6)-Id,toward_resistant
CT,gene__armA__1e3e7a5cbbf7,0.08217637544827672,armA,toward_resistant
CT,gene__arr_2__3f94280a4461,0.436880948390749,arr-2,toward_resistant
CT,gene__arr_269927220__e45b2c03e53a,-0.2007679355813889,arr-269927220,toward_susceptible
CT,gene__arr_3__3ee789662ef8,0.0010815798080713146,arr-3,toward_resistant
CT,gene__arr_8_like__f42aa4ad0eab,0.3296700347633592,arr-8-like,toward_resistant
CT,gene__blaCARB_2__24c64e94426d,0.08936700200836313,blaCARB-2,toward_resistant
CT,gene__blaCMY_4__1b7453f819b2,0.07347702502798244,blaCMY-4,toward_resistant
CT,gene__blaCTX_M_14__fc9c58acd0f5,0.43757338923318073,blaCTX-M-14,toward_resistant
CT,gene__blaCTX_M_15__b1d9b9d47471,0.8904901970809029,blaCTX-M-15,toward_resistant
CT,gene__blaCTX_M_3__3ded50be1fb4,-0.060079207065264366,blaCTX-M-3,toward_susceptible
CT,gene__blaCTX_M_55__1df213c735c7,-0.08723949845346289,blaCTX-M-55,toward_susceptible
CT,gene__blaDHA_1__e60f091f95c5,-0.20818490052095964,blaDHA-1,toward_susceptible
CT,gene__blaFOX_5__8b528f2222bf,0.2519932523704278,blaFOX-5,toward_resistant
CT,gene__blaGES_5__35846c68064b,0.3296700347633592,blaGES-5,toward_resistant
CT,gene__blaIMP_15__80046691531c,0.1436813840356573,blaIMP-15,toward_resistant
CT,gene__blaKPC_2__1215ec196a62,0.5564923053909618,blaKPC-2,toward_resistant
CT,gene__blaKPC_3__4f23d51e3cfe,0.4699252613355751,blaKPC-3,toward_resistant
CT,gene__blaNDM_1__47f592955a0b,0.5852903956433348,blaNDM-1,toward_resistant
CT,gene__blaNDM_5__97581221d5db,0.08051931856841538,blaNDM-5,toward_resistant
CT,gene__blaNDM_7__83931ed5221d,0.17037051134443545,blaNDM-7,toward_resistant
CT,gene__blaOXA_1__33637d4ebdae,0.3096414518065408,blaOXA-1,toward_resistant
CT,gene__blaOXA_10__c7efc8d7affe,0.27394753186764204,blaOXA-10,toward_resistant
CT,gene__blaOXA_9__b5c8a779ea6c,0.061050681292565266,blaOXA-9,toward_resistant
CT,gene__blaOXA_181__cb068f61c2a5,0.35049614770984144,blaOXA-181,toward_resistant
CT,gene__blaOXA_232__dac1198d664c,0.36272119053924573,blaOXA-232,toward_resistant
CT,gene__blaOXA_48__a80281b6de74,1.4405798162007275,blaOXA-48,toward_resistant
CT,gene__blaOXA_2__06018aa29e0a,0.29588837078251956,blaOXA-2,toward_resistant
CT,gene__blaSHV_1__2856649d1151,-0.22505948449895477,blaSHV-1,toward_susceptible
CT,gene__blaSHV_11__6cfbd3be8d6f,-0.16960436050838945,blaSHV-11,toward_susceptible
CT,gene__blaSHV_119__8313292abae2,-0.07270602536029908,blaSHV-119,toward_susceptible
CT,gene__blaSHV_142__712c82344f14,-0.16699178012045718,blaSHV-142,toward_susceptible
CT,gene__blaSHV_168__2919af75fa14,0.14774313607370743,blaSHV-168,toward_resistant
CT,gene__blaSHV_187__5da02ed84baa,-0.30243761859765345,blaSHV-187,toward_susceptible
CT,gene__blaSHV_202__381586083ab1,-0.07440221800780196,blaSHV-202,toward_susceptible
CT,gene__blaSHV_207__92e0baed85d1,-0.07270602536029908,blaSHV-207,toward_susceptible
CT,gene__blaSHV_26__e7d7b216e895,-0.1475165786630419,blaSHV-26,toward_susceptible
CT,gene__blaSHV_27__0faf55eb38a5,-0.14882928952467278,blaSHV-27,toward_susceptible
CT,gene__blaSHV_28__848c9d283ddc,0.3053675119851529,blaSHV-28,toward_resistant
CT,gene__blaSHV_32__8f68dd883c23,-0.08723949845346289,blaSHV-32,toward_susceptible
CT,gene__blaSHV_171__b46a6a5c3496,-0.06152145316784495,blaSHV-171,toward_susceptible
CT,gene__blaSHV_36__de8aa5462be7,-0.07270602536029908,blaSHV-36,toward_susceptible
CT,gene__blaSHV_52__3c738e9bcfdd,-0.4595578660407893,blaSHV-52,toward_susceptible
CT,gene__blaSHV_60__82babea88ffe,-0.13697736647887976,blaSHV-60,toward_susceptible
CT,gene__blaSHV_71__64710cc2e056,0.34476060165900874,blaSHV-71,toward_resistant
CT,gene__blaSHV_75__8cfb7212ad81,-0.07270602536029908,blaSHV-75,toward_susceptible
CT,gene__blaSHV_76__e4bc5c5d4260,0.49273659086632066,blaSHV-76,toward_resistant
CT,gene__blaSHV_77__dd4db7d5427c,-0.07270602536029908,blaSHV-77,toward_susceptible
CT,gene__blaSHV_5__766b16a665e3,0.29588837078251956,blaSHV-5,toward_resistant
CT,gene__blaSHV_12__d89ed9fb6a79,0.388767546996542,blaSHV-12,toward_resistant
CT,gene__blaTEM_1__4f26c2c6a7cc,0.49420957272356236,blaTEM-1,toward_resistant
CT,gene__blaVIM_1__b8633f36b0b4,0.3879803806519925,blaVIM-1,toward_resistant
CT,gene__blaVIM_4__ed55a8109914,0.049106746069765346,blaVIM-4,toward_resistant
CT,gene__catA1__660cc15104bb,0.831549839733776,catA1,toward_resistant
CT,gene__catA2__4347443d0785,0.26859600579136667,catA2,toward_resistant
CT,gene__catB__4c7c8bd128b1,0.432910245664533,catB,toward_resistant
CT,gene__catB11__47750f628385,0.2519932523704278,catB11,toward_resistant
CT,gene__catB2__9d488614d805,0.3879803806519925,catB2,toward_resistant
CT,gene__catB3__bc428193ee96,0.7928122422926223,catB3,toward_resistant
CT,gene__cmlA1__9fa4d895cb79,0.3072218355361327,cmlA1,toward_resistant
CT,gene__cmlA5__e8c84368d378,0.6107503995335957,cmlA5,toward_resistant
CT,gene__cmlA6__c45345700937,0.2519932523704278,cmlA6,toward_resistant
CT,gene__dfr7__3de314457e0d,0.29588837078251956,dfr7,toward_resistant
CT,gene__dfrA1__408cd02e6001,-0.006695228517661824,dfrA1,toward_susceptible
CT,gene__dfrA12__c420466a1d49,0.4700406945161531,dfrA12,toward_resistant
CT,gene__dfrA14__a289266e0f01,-0.42342011338778607,dfrA14,toward_susceptible
CT,gene__dfrA18__6dc5a8b3fa07,-0.03752232390823131,dfrA18,toward_susceptible
CT,gene__dfrA19__e643d9e8c22f,0.05122531678903892,dfrA19,toward_resistant
CT,gene__dfrA27__1e67f448c6dd,0.3917456838523244,dfrA27,toward_resistant
CT,gene__dfrA32__75c81905d551,-0.08723949845346289,dfrA32,toward_susceptible
CT,gene__dfrA5__bdab96a3ae19,0.3907207160559245,dfrA5,toward_resistant
CT,gene__dfrA7__abb2cd32375d,0.1487569588372175,dfrA7,toward_resistant
CT,gene__dfrA8__c720609f7e1a,-0.1940655970610141,dfrA8,toward_susceptible
CT,gene__erm_42__495068371c67,0.17037051134443545,erm(42),toward_resistant
CT,gene__erm_B__25b1a1f314ce,0.31826064592161685,erm(B),toward_resistant
CT,gene__ermC__1cc08102c15e,-0.060079207065264366,ermC,toward_susceptible
CT,gene__floR__0150b5a65352,-0.001801448998860459,floR,toward_susceptible
CT,gene__floR2__0d9f4cbd30dc,0.05448922062415543,floR2,toward_resistant
CT,gene__fosA_gen__9f8699db5899,-1.15869672200504,fosA_gen,toward_susceptible
CT,gene__fosA5__20fcb919317e,-0.2922772785551807,fosA5,toward_susceptible
CT,gene__fosA7__ca8d29f760ba,-0.19011096656431822,fosA7,toward_susceptible
CT,gene__fosA7_3__9858be559cf3,0.03492605101447137,fosA7.3,toward_resistant
CT,gene__mcr_1_1__cfcbc4d2489b,0.13197254461266975,mcr-1.1,toward_resistant
CT,gene__mcr_8_1__c4b56e2f74fa,-0.12858951339647326,mcr-8.1,toward_susceptible
CT,gene__mph_A__fd470d53e276,0.3632238160450626,mph(A),toward_resistant
CT,gene__mph_B__d07c4a8ed0ae,-0.12858951339647326,mph(B),toward_susceptible
CT,gene__mph_E__bbdc9db0677f,0.3341696278187045,mph(E),toward_resistant
CT,gene__msr_E__bf31980dd0a7,0.3341696278187045,msr(E),toward_resistant
CT,gene__qnrA1__1987f9bb8a71,0.1244456143938995,qnrA1,toward_resistant
CT,gene__qnrB1__82385f8142c7,0.2381799581723781,qnrB1,toward_resistant
CT,gene__qnrB19__f24b2e236d22,-0.055900045090787526,qnrB19,toward_susceptible
CT,gene__qnrB4__a0abfc97db02,-0.20818490052095964,qnrB4,toward_susceptible
CT,gene__qnrB6__68d60e35189d,-0.045333030046603585,qnrB6,toward_susceptible
CT,gene__qnrB9__48a7c4a55798,-0.09972448969285704,qnrB9,toward_susceptible
CT,gene__qnrS1__dd225cb6bb26,-0.05814768553372095,qnrS1,toward_susceptible
CT,gene__rmtB1__206fbadc2706,0.05448922062415543,rmtB1,toward_resistant
CT,gene__rmtF1__98fa5442507e,0.432910245664533,rmtF1,toward_resistant
CT,gene__rmtH__0b842a786976,0.07347702502798244,rmtH,toward_resistant
CT,gene__sul1__f3335816df53,0.7519378108984132,sul1,toward_resistant
CT,gene__sul2__691bb44fc37d,-0.5079427703419911,sul2,toward_susceptible
CT,gene__sul3__c35f66389909,0.3072218355361327,sul3,toward_resistant
CT,gene__tet_A__77c7af2b14d7,-0.20902629331781483,tet(A),toward_susceptible
CT,gene__tet_B__e414ad27e773,0.13197254461266975,tet(B),toward_resistant
CT,gene__tet_D__3c1d9fd570ce,0.005127362203291388,tet(D),toward_resistant
CT,gene__tet_G__ff8069e4bb7d,0.05448922062415543,tet(G),toward_resistant
CT,gene__tet_M__d76e29348b04,-0.08723949845346289,tet(M),toward_susceptible
CT,gene__tet_X__9c42914df2c5,0.1436813840356573,tet(X),toward_resistant
CT,variant__OmpK35_17__66f4c20ddacd,0.1533687203793748,OmpK35-17%,toward_resistant
CT,variant__OmpK35_21__31dd4cc2c7ca,0.23074864592657596,OmpK35-21%,toward_resistant
CT,variant__OmpK35_25__fd91e78b8b94,0.1625819014796071,OmpK35-25%,toward_resistant
CT,variant__OmpK35_30__62c7989dcb3c,0.08241409795469158,OmpK35-30%,toward_resistant
CT,variant__OmpK35_59__aa2f1c0ae1df,-0.1074687026218516,OmpK35-59%,toward_susceptible
CT,variant__OmpK35_72__737848bea52e,0.09406688732188387,OmpK35-72%,toward_resistant
CT,variant__OmpK35_76__298f13b13ce1,0.48246869232251116,OmpK35-76%,toward_resistant
CT,variant__OmpK35_87__b0d3a2ebe702,0.05448922062415543,OmpK35-87%,toward_resistant
CT,variant__OmpK36GD__a3b86b232e9f,0.48296123513440187,OmpK36GD,toward_resistant
CT,variant__OmpK36TD__f8db20b567d2,0.35049614770984144,OmpK36TD,toward_resistant
CT,variant__MgrB_0__31a2fe707ea6,0.1533687203793748,MgrB-0%,toward_resistant
CT,variant__MgrB_32__0323946870fa,0.02546040340720875,MgrB-32%,toward_resistant
CT,variant__MgrB_49__684df5ce7bab,0.15184990408491647,MgrB-49%,toward_resistant
CT,variant__MgrB_51__fd69d10f80c0,0.08899158539526664,MgrB-51%,toward_resistant
CT,variant__MgrB_53__ec8926a14680,0.012539634791775188,MgrB-53%,toward_resistant
CT,variant__MgrB_89__851202355ac8,0.5658651999239456,MgrB-89%,toward_resistant
TZP,gene__aac_2_Iia__9c86f637dab6,-0.17335000445099083,aac(2')-Iia,toward_susceptible
TZP,gene__aac_3_IId__0ca553a3e15f,-0.0995951193981481,aac(3)-IId,toward_susceptible
TZP,gene__aac_3_IIe__0590cef7e34d,0.36338647017322306,aac(3)-IIe,toward_resistant
TZP,gene__aac_3_IIg__f145d4456597,-0.21041878521366797,aac(3)-IIg,toward_susceptible
TZP,gene__aac_3_IVa__74bd15e0ab3f,0.0,aac(3)-IVa,none
TZP,gene__aac_6_Ib4__83a5f45c9699,0.4680154854769094,aac(6')-Ib4,toward_resistant
TZP,gene__aac_6_Ib_AKT__5ca650df53c2,0.2773289372422138,aac(6')-Ib-AKT,toward_resistant
TZP,gene__aac_6_Ib__22bae5c8a74e,0.0890811299707215,aac(6')-Ib,toward_resistant
TZP,gene__aac_6_Ib_cr5__ec16b29386f5,0.43566743219252857,aac(6')-Ib-cr5,toward_resistant
TZP,gene__aac_6_Ib_G__566c8f5f56fc,0.05617570023488734,aac(6')-Ib-G,toward_resistant
TZP,gene__aac_6_IIc__5125879a4c57,-0.21041878521366797,aac(6')-IIc,toward_susceptible
TZP,gene__aac_6_Il__43e6a7176631,0.0816607872751953,aac(6')-Il,toward_resistant
TZP,gene__aadA1__15687b499fd6,0.7512303403145588,aadA1,toward_resistant
TZP,gene__aadA16__3e668ce14552,0.3375571381254195,aadA16,toward_resistant
TZP,gene__aadA2__d33a4eec592a,0.11418242548368213,aadA2,toward_resistant
TZP,gene__ant_2_Ia__4f7da569764e,0.6233761063808091,ant(2'')-Ia,toward_resistant
TZP,gene__aph_3_Ia__3d72b1a8886b,-0.40496798213758634,aph(3')-Ia,toward_susceptible
TZP,gene__aph_3_Ib__42354e4cc2ec,-0.1843105277195403,aph(3'')-Ib,toward_susceptible
TZP,gene__aph_3_VI__709faaabdc88,0.18063258938926466,aph(3')-VI,toward_resistant
TZP,gene__aph_3_Vib__d9a2b83d591e,0.03170646255307279,aph(3')-Vib,toward_resistant
TZP,gene__aph_3_XV__54118836b92b,0.30183135314784776,aph(3')-XV,toward_resistant
TZP,gene__aph_4_Ia__37a4ead2ddca,0.0,aph(4)-Ia,none
TZP,gene__aph_6_Id__f94324227069,0.07878293044062974,aph(6)-Id,toward_resistant
TZP,gene__armA__1e3e7a5cbbf7,-0.19127751619167277,armA,toward_susceptible
TZP,gene__arr_2__3f94280a4461,0.14241394190937706,arr-2,toward_resistant
TZP,gene__arr_269927220__e45b2c03e53a,-0.21041878521366797,arr-269927220,toward_susceptible
TZP,gene__arr_3__3ee789662ef8,0.5044777905635884,arr-3,toward_resistant
TZP,gene__arr_8_like__f42aa4ad0eab,0.0,arr-8-like,none
TZP,gene__blaCARB_2__24c64e94426d,0.12155952348000972,blaCARB-2,toward_resistant
TZP,gene__blaCMY_4__1b7453f819b2,0.14099529272213776,blaCMY-4,toward_resistant
TZP,gene__blaCTX_M_14__fc9c58acd0f5,0.34481424703392555,blaCTX-M-14,toward_resistant
TZP,gene__blaCTX_M_15__b1d9b9d47471,0.5862600709556639,blaCTX-M-15,toward_resistant
TZP,gene__blaCTX_M_3__3ded50be1fb4,-0.07483465216317932,blaCTX-M-3,toward_susceptible
TZP,gene__blaCTX_M_55__1df213c735c7,-0.10441400969016167,blaCTX-M-55,toward_susceptible
TZP,gene__blaDHA_1__e60f091f95c5,-0.18479161905237723,blaDHA-1,toward_susceptible
TZP,gene__blaFOX_5__8b528f2222bf,0.2741972591581093,blaFOX-5,toward_resistant
TZP,gene__blaGES_5__35846c68064b,0.0,blaGES-5,none
TZP,gene__blaIMP_15__80046691531c,0.16618413232906165,blaIMP-15,toward_resistant
TZP,gene__blaKPC_2__1215ec196a62,0.46416105466905255,blaKPC-2,toward_resistant
TZP,gene__blaKPC_3__4f23d51e3cfe,0.49433426817479603,blaKPC-3,toward_resistant
TZP,gene__blaNDM_1__47f592955a0b,0.5879535586529345,blaNDM-1,toward_resistant
TZP,gene__blaNDM_5__97581221d5db,0.08623824167448972,blaNDM-5,toward_resistant
TZP,gene__blaNDM_7__83931ed5221d,0.2552256255103702,blaNDM-7,toward_resistant
TZP,gene__blaOXA_1__33637d4ebdae,0.41356741314910384,blaOXA-1,toward_resistant
TZP,gene__blaOXA_10__c7efc8d7affe,0.0,blaOXA-10,none
TZP,gene__blaOXA_9__b5c8a779ea6c,0.06380151466906357,blaOXA-9,toward_resistant
TZP,gene__blaOXA_181__cb068f61c2a5,0.3253023988500814,blaOXA-181,toward_resistant
TZP,gene__blaOXA_232__dac1198d664c,0.4493098188512638,blaOXA-232,toward_resistant
TZP,gene__blaOXA_48__a80281b6de74,1.5766328111444472,blaOXA-48,toward_resistant
TZP,gene__blaOXA_2__06018aa29e0a,0.25275595888057634,blaOXA-2,toward_resistant
TZP,gene__blaSHV_1__2856649d1151,0.46694329891420217,blaSHV-1,toward_resistant
TZP,gene__blaSHV_11__6cfbd3be8d6f,-0.007345952873300421,blaSHV-11,toward_susceptible
TZP,gene__blaSHV_119__8313292abae2,-0.11116643853718135,blaSHV-119,toward_susceptible
TZP,gene__blaSHV_142__712c82344f14,-0.1427190942662516,blaSHV-142,toward_susceptible
TZP,gene__blaSHV_168__2919af75fa14,0.0,blaSHV-168,none
TZP,gene__blaSHV_187__5da02ed84baa,-0.23798701883598816,blaSHV-187,toward_susceptible
TZP,gene__blaSHV_202__381586083ab1,-0.05475811677543077,blaSHV-202,toward_susceptible
TZP,gene__blaSHV_207__92e0baed85d1,-0.11116643853718135,blaSHV-207,toward_susceptible
TZP,gene__blaSHV_26__e7d7b216e895,-0.158257799045876,blaSHV-26,toward_susceptible
TZP,gene__blaSHV_27__0faf55eb38a5,-0.3789132779607534,blaSHV-27,toward_susceptible
TZP,gene__blaSHV_28__848c9d283ddc,0.3475259161329037,blaSHV-28,toward_resistant
TZP,gene__blaSHV_32__8f68dd883c23,-0.10441400969016167,blaSHV-32,toward_susceptible
TZP,gene__blaSHV_171__b46a6a5c3496,-0.12471104815094115,blaSHV-171,toward_susceptible
TZP,gene__blaSHV_36__de8aa5462be7,-0.11116643853718135,blaSHV-36,toward_susceptible
TZP,gene__blaSHV_52__3c738e9bcfdd,-0.24760293489226556,blaSHV-52,toward_susceptible
TZP,gene__blaSHV_60__82babea88ffe,-0.20454682817846856,blaSHV-60,toward_susceptible
TZP,gene__blaSHV_71__64710cc2e056,0.0,blaSHV-71,none
TZP,gene__blaSHV_75__8cfb7212ad81,-0.11116643853718135,blaSHV-75,toward_susceptible
TZP,gene__blaSHV_76__e4bc5c5d4260,0.0,blaSHV-76,none
TZP,gene__blaSHV_77__dd4db7d5427c,-0.11116643853718135,blaSHV-77,toward_susceptible
TZP,gene__blaSHV_5__766b16a665e3,0.25275595888057634,blaSHV-5,toward_resistant
TZP,gene__blaSHV_12__d89ed9fb6a79,0.09713136472595497,blaSHV-12,toward_resistant
TZP,gene__blaTEM_1__4f26c2c6a7cc,0.3432255698122024,blaTEM-1,toward_resistant
TZP,gene__blaVIM_1__b8633f36b0b4,0.30183135314784776,blaVIM-1,toward_resistant
TZP,gene__blaVIM_4__ed55a8109914,0.0816607872751953,blaVIM-4,toward_resistant
TZP,gene__catA1__660cc15104bb,0.4313211337303066,catA1,toward_resistant
TZP,gene__catA2__4347443d0785,-0.031056438842638878,catA2,toward_susceptible
TZP,gene__catB__4c7c8bd128b1,0.38147809908496877,catB,toward_resistant
TZP,gene__catB11__47750f628385,0.2741972591581093,catB11,toward_resistant
TZP,gene__catB2__9d488614d805,0.30183135314784776,catB2,toward_resistant
TZP,gene__catB3__bc428193ee96,0.4180364018991593,catB3,toward_resistant
TZP,gene__cmlA1__9fa4d895cb79,0.04003208999211843,cmlA1,toward_resistant
TZP,gene__cmlA5__e8c84368d378,0.3706371977166099,cmlA5,toward_resistant
TZP,gene__cmlA6__c45345700937,0.2741972591581093,cmlA6,toward_resistant
TZP,gene__dfr7__3de314457e0d,0.25275595888057634,dfr7,toward_resistant
TZP,gene__dfrA1__408cd02e6001,-0.3540660802496587,dfrA1,toward_susceptible
TZP,gene__dfrA12__c420466a1d49,0.23803220441597184,dfrA12,toward_resistant
TZP,gene__dfrA14__a289266e0f01,-0.6339860204169885,dfrA14,toward_susceptible
TZP,gene__dfrA18__6dc5a8b3fa07,0.0,dfrA18,none
TZP,gene__dfrA19__e643d9e8c22f,0.06377847394444126,dfrA19,toward_resistant
TZP,gene__dfrA27__1e67f448c6dd,0.3375571381254195,dfrA27,toward_resistant
TZP,gene__dfrA32__75c81905d551,-0.10441400969016167,dfrA32,toward_susceptible
TZP,gene__dfrA5__bdab96a3ae19,0.06380151466906357,dfrA5,toward_resistant
TZP,gene__dfrA7__abb2cd32375d,0.26751805994750455,dfrA7,toward_resistant
TZP,gene__dfrA8__c720609f7e1a,0.3003309849501544,dfrA8,toward_resistant
TZP,gene__erm_42__495068371c67,0.2552256255103702,erm(42),toward_resistant
TZP,gene__erm_B__25b1a1f314ce,0.05617570023488734,erm(B),toward_resistant
TZP,gene__ermC__1cc08102c15e,-0.07483465216317932,ermC,toward_susceptible
TZP,gene__floR__0150b5a65352,-0.08567873957190339,floR,toward_susceptible
TZP,gene__floR2__0d9f4cbd30dc,0.1031191377691054,floR2,toward_resistant
TZP,gene__fosA_gen__9f8699db5899,-0.7923225850119042,fosA_gen,toward_susceptible
TZP,gene__fosA5__20fcb919317e,-0.33766682586528773,fosA5,toward_susceptible
TZP,gene__fosA7__ca8d29f760ba,0.14387635979847374,fosA7,toward_resistant
TZP,gene__fosA7_3__9858be559cf3,-0.42830931876363093,fosA7.3,toward_susceptible
TZP,gene__mcr_1_1__cfcbc4d2489b,0.08184199893061551,mcr-1.1,toward_resistant
TZP,gene__mcr_8_1__c4b56e2f74fa,0.2685874079494149,mcr-8.1,toward_resistant
TZP,gene__mph_A__fd470d53e276,0.24334565677506675,mph(A),toward_resistant
TZP,gene__mph_B__d07c4a8ed0ae,0.2685874079494149,mph(B),toward_resistant
TZP,gene__mph_E__bbdc9db0677f,0.08291974296643648,mph(E),toward_resistant
TZP,gene__msr_E__bf31980dd0a7,0.08291974296643648,msr(E),toward_resistant
TZP,gene__qnrA1__1987f9bb8a71,-0.08885926173365827,qnrA1,toward_susceptible
TZP,gene__qnrB1__82385f8142c7,0.2991921132258139,qnrB1,toward_resistant
TZP,gene__qnrB19__f24b2e236d22,0.0,qnrB19,none
TZP,gene__qnrB4__a0abfc97db02,-0.18479161905237723,qnrB4,toward_susceptible
TZP,gene__qnrB6__68d60e35189d,-0.1091547407471562,qnrB6,toward_susceptible
TZP,gene__qnrB9__48a7c4a55798,-0.1960625603874794,qnrB9,toward_susceptible
TZP,gene__qnrS1__dd225cb6bb26,-0.09934009231610373,qnrS1,toward_susceptible
TZP,gene__rmtB1__206fbadc2706,0.1031191377691054,rmtB1,toward_resistant
TZP,gene__rmtF1__98fa5442507e,0.38147809908496877,rmtF1,toward_resistant
TZP,gene__rmtH__0b842a786976,0.14099529272213776,rmtH,toward_resistant
TZP,gene__sul1__f3335816df53,1.0795162757939323,sul1,toward_resistant
TZP,gene__sul2__691bb44fc37d,-0.24693659425834671,sul2,toward_susceptible
TZP,gene__sul3__c35f66389909,0.04003208999211843,sul3,toward_resistant
TZP,gene__tet_A__77c7af2b14d7,-0.7691803535591476,tet(A),toward_susceptible
TZP,gene__tet_B__e414ad27e773,0.08184199893061551,tet(B),toward_resistant
TZP,gene__tet_D__3c1d9fd570ce,0.21533058140372108,tet(D),toward_resistant
TZP,gene__tet_G__ff8069e4bb7d,0.1031191377691054,tet(G),toward_resistant
TZP,gene__tet_M__d76e29348b04,-0.10441400969016167,tet(M),toward_susceptible
TZP,gene__tet_X__9c42914df2c5,0.16618413232906165,tet(X),toward_resistant
TZP,variant__OmpK35_17__66f4c20ddacd,0.10820477590156916,OmpK35-17%,toward_resistant
TZP,variant__OmpK35_21__31dd4cc2c7ca,0.3674678199206483,OmpK35-21%,toward_resistant
TZP,variant__OmpK35_25__fd91e78b8b94,0.1929147346319035,OmpK35-25%,toward_resistant
TZP,variant__OmpK35_30__62c7989dcb3c,0.05617570023488734,OmpK35-30%,toward_resistant
TZP,variant__OmpK35_59__aa2f1c0ae1df,-0.2182395983423813,OmpK35-59%,toward_susceptible
TZP,variant__OmpK35_72__737848bea52e,0.12838089508458264,OmpK35-72%,toward_resistant
TZP,variant__OmpK35_76__298f13b13ce1,0.40714439778069694,OmpK35-76%,toward_resistant
TZP,variant__OmpK35_87__b0d3a2ebe702,0.1031191377691054,OmpK35-87%,toward_resistant
TZP,variant__OmpK36GD__a3b86b232e9f,0.5975854517536853,OmpK36GD,toward_resistant
TZP,variant__OmpK36TD__f8db20b567d2,0.3253023988500814,OmpK36TD,toward_resistant
TZP,variant__MgrB_0__31a2fe707ea6,0.10820477590156916,MgrB-0%,toward_resistant
TZP,variant__MgrB_32__0323946870fa,0.03170646255307279,MgrB-32%,toward_resistant
TZP,variant__MgrB_49__684df5ce7bab,0.27318955362228015,MgrB-49%,toward_resistant
TZP,variant__MgrB_51__fd69d10f80c0,0.0890811299707215,MgrB-51%,toward_resistant
TZP,variant__MgrB_53__ec8926a14680,0.04003208999211843,MgrB-53%,toward_resistant
TZP,variant__MgrB_89__851202355ac8,0.49182011605616804,MgrB-89%,toward_resistant
CRO,gene__aac_2_Iia__9c86f637dab6,0.41183243716152923,aac(2')-Iia,toward_resistant
CRO,gene__aac_3_IId__0ca553a3e15f,0.6280562054112958,aac(3)-IId,toward_resistant
CRO,gene__aac_3_IIe__0590cef7e34d,0.524882077918786,aac(3)-IIe,toward_resistant
CRO,gene__aac_3_IIg__f145d4456597,0.15272624591376333,aac(3)-IIg,toward_resistant
CRO,gene__aac_3_IVa__74bd15e0ab3f,0.3003037170282213,aac(3)-IVa,toward_resistant
CRO,gene__aac_6_Ib4__83a5f45c9699,0.32972148515963423,aac(6')-Ib4,toward_resistant
CRO,gene__aac_6_Ib_AKT__5ca650df53c2,0.33118950914455386,aac(6')-Ib-AKT,toward_resistant
CRO,gene__aac_6_Ib__22bae5c8a74e,0.10993733371945467,aac(6')-Ib,toward_resistant
CRO,gene__aac_6_Ib_cr5__ec16b29386f5,0.6795928233400687,aac(6')-Ib-cr5,toward_resistant
CRO,gene__aac_6_Ib_G__566c8f5f56fc,0.04744009975892057,aac(6')-Ib-G,toward_resistant
CRO,gene__aac_6_IIc__5125879a4c57,0.15272624591376333,aac(6')-IIc,toward_resistant
CRO,gene__aac_6_Il__43e6a7176631,0.008113734848898498,aac(6')-Il,toward_resistant
CRO,gene__aadA1__15687b499fd6,0.3833426774114164,aadA1,toward_resistant
CRO,gene__aadA16__3e668ce14552,0.1609207200642297,aadA16,toward_resistant
CRO,gene__aadA2__d33a4eec592a,0.3370742397490239,aadA2,toward_resistant
CRO,gene__ant_2_Ia__4f7da569764e,0.23257696435277928,ant(2'')-Ia,toward_resistant
CRO,gene__aph_3_Ia__3d72b1a8886b,-0.20841835086667806,aph(3')-Ia,toward_susceptible
CRO,gene__aph_3_Ib__42354e4cc2ec,0.3643736207555975,aph(3'')-Ib,toward_resistant
CRO,gene__aph_3_VI__709faaabdc88,0.033537590438023825,aph(3')-VI,toward_resistant
CRO,gene__aph_3_Vib__d9a2b83d591e,0.0030177920570443506,aph(3')-Vib,toward_resistant
CRO,gene__aph_3_XV__54118836b92b,0.2782895255001076,aph(3')-XV,toward_resistant
CRO,gene__aph_4_Ia__37a4ead2ddca,0.3003037170282213,aph(4)-Ia,toward_resistant
CRO,gene__aph_6_Id__f94324227069,0.1800248520836867,aph(6)-Id,toward_resistant
CRO,gene__armA__1e3e7a5cbbf7,0.2451829911283996,armA,toward_resistant
CRO,gene__arr_2__3f94280a4461,0.26203029355159174,arr-2,toward_resistant
CRO,gene__arr_269927220__e45b2c03e53a,0.15272624591376333,arr-269927220,toward_resistant
CRO,gene__arr_3__3ee789662ef8,0.17309282746253,arr-3,toward_resistant
CRO,gene__arr_8_like__f42aa4ad0eab,0.040971034176585944,arr-8-like,toward_resistant
CRO,gene__blaCARB_2__24c64e94426d,-0.09750216462246393,blaCARB-2,toward_susceptible
CRO,gene__blaCMY_4__1b7453f819b2,0.010657325048410398,blaCMY-4,toward_resistant
CRO,gene__blaCTX_M_14__fc9c58acd0f5,0.6958099683312604,blaCTX-M-14,toward_resistant
CRO,gene__blaCTX_M_15__b1d9b9d47471,1.7685334758786992,blaCTX-M-15,toward_resistant
CRO,gene__blaCTX_M_3__3ded50be1fb4,0.24676847018562345,blaCTX-M-3,toward_resistant
CRO,gene__blaCTX_M_55__1df213c735c7,0.10774195468192532,blaCTX-M-55,toward_resistant
CRO,gene__blaDHA_1__e60f091f95c5,0.06292766743572391,blaDHA-1,toward_resistant
CRO,gene__blaFOX_5__8b528f2222bf,0.20296140122953682,blaFOX-5,toward_resistant
CRO,gene__blaGES_5__35846c68064b,0.040971034176585944,blaGES-5,toward_resistant
CRO,gene__blaIMP_15__80046691531c,0.05143195965952664,blaIMP-15,toward_resistant
CRO,gene__blaKPC_2__1215ec196a62,0.3604477244472716,blaKPC-2,toward_resistant
CRO,gene__blaKPC_3__4f23d51e3cfe,0.11859548232846415,blaKPC-3,toward_resistant
CRO,gene__blaNDM_1__47f592955a0b,0.22157699305288653,blaNDM-1,toward_resistant
CRO,gene__blaNDM_5__97581221d5db,0.04542541986607409,blaNDM-5,toward_resistant
CRO,gene__blaNDM_7__83931ed5221d,0.0007229112189675834,blaNDM-7,toward_resistant
CRO,gene__blaOXA_1__33637d4ebdae,0.4782317242206809,blaOXA-1,toward_resistant
CRO,gene__blaOXA_10__c7efc8d7affe,0.16916477392659707,blaOXA-10,toward_resistant
CRO,gene__blaOXA_9__b5c8a779ea6c,0.006125663677324281,blaOXA-9,toward_resistant
CRO,gene__blaOXA_181__cb068f61c2a5,0.1014890327546929,blaOXA-181,toward_resistant
CRO,gene__blaOXA_232__dac1198d664c,0.09054972977022639,blaOXA-232,toward_resistant
CRO,gene__blaOXA_48__a80281b6de74,0.24510147722213024,blaOXA-48,toward_resistant
CRO,gene__blaOXA_2__06018aa29e0a,0.25439417624577054,blaOXA-2,toward_resistant
CRO,gene__blaSHV_1__2856649d1151,-0.7594943655288049,blaSHV-1,toward_susceptible
CRO,gene__blaSHV_11__6cfbd3be8d6f,0.15622011184158074,blaSHV-11,toward_resistant
CRO,gene__blaSHV_119__8313292abae2,-0.11001027106281629,blaSHV-119,toward_susceptible
CRO,gene__blaSHV_142__712c82344f14,0.3107724243137433,blaSHV-142,toward_resistant
CRO,gene__blaSHV_168__2919af75fa14,0.061378819040245454,blaSHV-168,toward_resistant
CRO,gene__blaSHV_187__5da02ed84baa,-0.04463447601914065,blaSHV-187,toward_susceptible
CRO,gene__blaSHV_202__381586083ab1,0.04913508264938875,blaSHV-202,toward_resistant
CRO,gene__blaSHV_207__92e0baed85d1,-0.11001027106281629,blaSHV-207,toward_susceptible
CRO,gene__blaSHV_26__e7d7b216e895,-0.1572513062190825,blaSHV-26,toward_susceptible
CRO,gene__blaSHV_27__0faf55eb38a5,-0.22056193002994395,blaSHV-27,toward_susceptible
CRO,gene__blaSHV_28__848c9d283ddc,-0.201554900092371,blaSHV-28,toward_susceptible
CRO,gene__blaSHV_32__8f68dd883c23,0.10774195468192532,blaSHV-32,toward_resistant
CRO,gene__blaSHV_171__b46a6a5c3496,-0.07988226658807011,blaSHV-171,toward_susceptible
CRO,gene__blaSHV_36__de8aa5462be7,-0.11001027106281629,blaSHV-36,toward_susceptible
CRO,gene__blaSHV_52__3c738e9bcfdd,0.003137135549373922,blaSHV-52,toward_resistant
CRO,gene__blaSHV_60__82babea88ffe,-0.20255987587229896,blaSHV-60,toward_susceptible
CRO,gene__blaSHV_71__64710cc2e056,0.003137135549373922,blaSHV-71,toward_resistant
CRO,gene__blaSHV_75__8cfb7212ad81,-0.11001027106281629,blaSHV-75,toward_susceptible
CRO,gene__blaSHV_76__e4bc5c5d4260,0.006753820099222569,blaSHV-76,toward_resistant
CRO,gene__blaSHV_77__dd4db7d5427c,-0.11001027106281629,blaSHV-77,toward_susceptible
CRO,gene__blaSHV_5__766b16a665e3,0.25439417624577054,blaSHV-5,toward_resistant
CRO,gene__blaSHV_12__d89ed9fb6a79,0.4959477681926858,blaSHV-12,toward_resistant
CRO,gene__blaTEM_1__4f26c2c6a7cc,1.2398306717528997,blaTEM-1,toward_resistant
CRO,gene__blaVIM_1__b8633f36b0b4,0.2782895255001076,blaVIM-1,toward_resistant
CRO,gene__blaVIM_4__ed55a8109914,0.008113734848898498,blaVIM-4,toward_resistant
CRO,gene__catA1__660cc15104bb,0.26351286821409253,catA1,toward_resistant
CRO,gene__catA2__4347443d0785,0.3330263720974361,catA2,toward_resistant
CRO,gene__catB__4c7c8bd128b1,0.14892913251361348,catB,toward_resistant
CRO,gene__catB11__47750f628385,0.20296140122953682,catB11,toward_resistant
CRO,gene__catB2__9d488614d805,0.2782895255001076,catB2,toward_resistant
CRO,gene__catB3__bc428193ee96,0.5924060891297398,catB3,toward_resistant
CRO,gene__cmlA1__9fa4d895cb79,0.3217196940045785,cmlA1,toward_resistant
CRO,gene__cmlA5__e8c84368d378,0.19121865662823975,cmlA5,toward_resistant
CRO,gene__cmlA6__c45345700937,0.20296140122953682,cmlA6,toward_resistant
CRO,gene__dfr7__3de314457e0d,0.25439417624577054,dfr7,toward_resistant
CRO,gene__dfrA1__408cd02e6001,-0.09621555386095486,dfrA1,toward_susceptible
CRO,gene__dfrA12__c420466a1d49,0.33199738544429563,dfrA12,toward_resistant
CRO,gene__dfrA14__a289266e0f01,0.7674887694113595,dfrA14,toward_resistant
CRO,gene__dfrA18__6dc5a8b3fa07,-0.06760734075160961,dfrA18,toward_susceptible
CRO,gene__dfrA19__e643d9e8c22f,0.35568764714330015,dfrA19,toward_resistant
CRO,gene__dfrA27__1e67f448c6dd,0.1609207200642297,dfrA27,toward_resistant
CRO,gene__dfrA32__75c81905d551,0.10774195468192532,dfrA32,toward_resistant
CRO,gene__dfrA5__bdab96a3ae19,0.04709669785391023,dfrA5,toward_resistant
CRO,gene__dfrA7__abb2cd32375d,-0.1273729951442367,dfrA7,toward_susceptible
CRO,gene__dfrA8__c720609f7e1a,-0.11297493224904995,dfrA8,toward_susceptible
CRO,gene__erm_42__495068371c67,0.0007229112189675834,erm(42),toward_resistant
CRO,gene__erm_B__25b1a1f314ce,0.08311183230071986,erm(B),toward_resistant
CRO,gene__ermC__1cc08102c15e,0.24676847018562345,ermC,toward_resistant
CRO,gene__floR__0150b5a65352,-0.10808403994493168,floR,toward_susceptible
CRO,gene__floR2__0d9f4cbd30dc,0.000552054427298713,floR2,toward_resistant
CRO,gene__fosA_gen__9f8699db5899,-0.7947745149226918,fosA_gen,toward_susceptible
CRO,gene__fosA5__20fcb919317e,-0.33579782076472575,fosA5,toward_susceptible
CRO,gene__fosA7__ca8d29f760ba,-0.3838660638446715,fosA7,toward_susceptible
CRO,gene__fosA7_3__9858be559cf3,-0.23478566764820763,fosA7.3,toward_susceptible
CRO,gene__mcr_1_1__cfcbc4d2489b,0.08861528876911678,mcr-1.1,toward_resistant
CRO,gene__mcr_8_1__c4b56e2f74fa,-0.30398379725660135,mcr-8.1,toward_susceptible
CRO,gene__mph_A__fd470d53e276,-0.09087870589164308,mph(A),toward_susceptible
CRO,gene__mph_B__d07c4a8ed0ae,-0.30398379725660135,mph(B),toward_susceptible
CRO,gene__mph_E__bbdc9db0677f,0.4481443923579364,mph(E),toward_resistant
CRO,gene__msr_E__bf31980dd0a7,0.4481443923579364,msr(E),toward_resistant
CRO,gene__qnrA1__1987f9bb8a71,0.0908958138330987,qnrA1,toward_resistant
CRO,gene__qnrB1__82385f8142c7,0.5495189160774674,qnrB1,toward_resistant
CRO,gene__qnrB19__f24b2e236d22,-0.0942028714800105,qnrB19,toward_susceptible
CRO,gene__qnrB4__a0abfc97db02,0.06292766743572391,qnrB4,toward_resistant
CRO,gene__qnrB6__68d60e35189d,-0.1749638188341041,qnrB6,toward_susceptible
CRO,gene__qnrB9__48a7c4a55798,0.17976142888008934,qnrB9,toward_resistant
CRO,gene__qnrS1__dd225cb6bb26,0.4393573953340567,qnrS1,toward_resistant
CRO,gene__rmtB1__206fbadc2706,0.000552054427298713,rmtB1,toward_resistant
CRO,gene__rmtF1__98fa5442507e,0.14892913251361348,rmtF1,toward_resistant
CRO,gene__rmtH__0b842a786976,0.010657325048410398,rmtH,toward_resistant
CRO,gene__sul1__f3335816df53,0.552553596868873,sul1,toward_resistant
CRO,gene__sul2__691bb44fc37d,0.1837464127201269,sul2,toward_resistant
CRO,gene__sul3__c35f66389909,0.3217196940045785,sul3,toward_resistant
CRO,gene__tet_A__77c7af2b14d7,0.39073088406685,tet(A),toward_resistant
CRO,gene__tet_B__e414ad27e773,0.08861528876911678,tet(B),toward_resistant
CRO,gene__tet_D__3c1d9fd570ce,-0.14445792033042945,tet(D),toward_susceptible
CRO,gene__tet_G__ff8069e4bb7d,0.000552054427298713,tet(G),toward_resistant
CRO,gene__tet_M__d76e29348b04,0.10774195468192532,tet(M),toward_resistant
CRO,gene__tet_X__9c42914df2c5,0.05143195965952664,tet(X),toward_resistant
CRO,variant__OmpK35_17__66f4c20ddacd,0.09916000992865787,OmpK35-17%,toward_resistant
CRO,variant__OmpK35_21__31dd4cc2c7ca,0.0019344410011096034,OmpK35-21%,toward_resistant
CRO,variant__OmpK35_25__fd91e78b8b94,0.13747897437313622,OmpK35-25%,toward_resistant
CRO,variant__OmpK35_30__62c7989dcb3c,0.04744009975892057,OmpK35-30%,toward_resistant
CRO,variant__OmpK35_59__aa2f1c0ae1df,-0.05216770430552345,OmpK35-59%,toward_susceptible
CRO,variant__OmpK35_72__737848bea52e,0.06278087182625827,OmpK35-72%,toward_resistant
CRO,variant__OmpK35_76__298f13b13ce1,0.19010432152380968,OmpK35-76%,toward_resistant
CRO,variant__OmpK35_87__b0d3a2ebe702,0.000552054427298713,OmpK35-87%,toward_resistant
CRO,variant__OmpK36GD__a3b86b232e9f,0.2185487251652752,OmpK36GD,toward_resistant
CRO,variant__OmpK36TD__f8db20b567d2,0.1014890327546929,OmpK36TD,toward_resistant
CRO,variant__MgrB_0__31a2fe707ea6,0.09916000992865787,MgrB-0%,toward_resistant
CRO,variant__MgrB_32__0323946870fa,0.0030177920570443506,MgrB-32%,toward_resistant
CRO,variant__MgrB_49__684df5ce7bab,0.002061100759005906,MgrB-49%,toward_resistant
CRO,variant__MgrB_51__fd69d10f80c0,0.10993733371945467,MgrB-51%,toward_resistant
CRO,variant__MgrB_53__ec8926a14680,0.021415976976357273,MgrB-53%,toward_resistant
CRO,variant__MgrB_89__851202355ac8,0.3104577891343894,MgrB-89%,toward_resistant
LVX,gene__aac_2_Iia__9c86f637dab6,-0.08946079854313843,aac(2')-Iia,toward_susceptible
LVX,gene__aac_3_IId__0ca553a3e15f,0.9707086806553705,aac(3)-IId,toward_resistant
LVX,gene__aac_3_IIe__0590cef7e34d,0.28772184721163074,aac(3)-IIe,toward_resistant
LVX,gene__aac_3_IIg__f145d4456597,-0.1953466791449211,aac(3)-IIg,toward_susceptible
LVX,gene__aac_3_IVa__74bd15e0ab3f,0.2641739505528904,aac(3)-IVa,toward_resistant
LVX,gene__aac_6_Ib4__83a5f45c9699,-0.10714197851341808,aac(6')-Ib4,toward_susceptible
LVX,gene__aac_6_Ib_AKT__5ca650df53c2,0.3822807569438475,aac(6')-Ib-AKT,toward_resistant
LVX,gene__aac_6_Ib__22bae5c8a74e,0.06346900693481475,aac(6')-Ib,toward_resistant
LVX,gene__aac_6_Ib_cr5__ec16b29386f5,0.027861418395862297,aac(6')-Ib-cr5,toward_resistant
LVX,gene__aac_6_Ib_G__566c8f5f56fc,0.10313684118659679,aac(6')-Ib-G,toward_resistant
LVX,gene__aac_6_IIc__5125879a4c57,-0.1953466791449211,aac(6')-IIc,toward_susceptible
LVX,gene__aac_6_Il__43e6a7176631,-0.370536547451307,aac(6')-Il,toward_susceptible
LVX,gene__aadA1__15687b499fd6,0.041145550961128534,aadA1,toward_resistant
LVX,gene__aadA16__3e668ce14552,0.03227454142983678,aadA16,toward_resistant
LVX,gene__aadA2__d33a4eec592a,0.5521178424218849,aadA2,toward_resistant
LVX,gene__ant_2_Ia__4f7da569764e,0.06334831748199016,ant(2'')-Ia,toward_resistant
LVX,gene__aph_3_Ia__3d72b1a8886b,0.2799024159982665,aph(3')-Ia,toward_resistant
LVX,gene__aph_3_Ib__42354e4cc2ec,-0.0482567853174386,aph(3'')-Ib,toward_susceptible
LVX,gene__aph_3_VI__709faaabdc88,0.19875021962590922,aph(3')-VI,toward_resistant
LVX,gene__aph_3_Vib__d9a2b83d591e,0.035974626946197706,aph(3')-Vib,toward_resistant
LVX,gene__aph_3_XV__54118836b92b,-0.10714197851341808,aph(3')-XV,toward_susceptible
LVX,gene__aph_4_Ia__37a4ead2ddca,0.2641739505528904,aph(4)-Ia,toward_resistant
LVX,gene__aph_6_Id__f94324227069,0.14236288713726186,aph(6)-Id,toward_resistant
LVX,gene__armA__1e3e7a5cbbf7,0.4553738769235798,armA,toward_resistant
LVX,gene__arr_2__3f94280a4461,0.45328098787541876,arr-2,toward_resistant
LVX,gene__arr_269927220__e45b2c03e53a,-0.1953466791449211,arr-269927220,toward_susceptible
LVX,gene__arr_3__3ee789662ef8,0.45058953454786344,arr-3,toward_resistant
LVX,gene__arr_8_like__f42aa4ad0eab,0.35854922619797785,arr-8-like,toward_resistant
LVX,gene__blaCARB_2__24c64e94426d,0.09652451741860707,blaCARB-2,toward_resistant
LVX,gene__blaCMY_4__1b7453f819b2,0.0,blaCMY-4,none
LVX,gene__blaCTX_M_14__fc9c58acd0f5,0.9596125028149258,blaCTX-M-14,toward_resistant
LVX,gene__blaCTX_M_15__b1d9b9d47471,0.20498306353962478,blaCTX-M-15,toward_resistant
LVX,gene__blaCTX_M_3__3ded50be1fb4,-0.11374730490478682,blaCTX-M-3,toward_susceptible
LVX,gene__blaCTX_M_55__1df213c735c7,-0.2634937775288378,blaCTX-M-55,toward_susceptible
LVX,gene__blaDHA_1__e60f091f95c5,0.15496368782807088,blaDHA-1,toward_resistant
LVX,gene__blaFOX_5__8b528f2222bf,0.1938397299411223,blaFOX-5,toward_resistant
LVX,gene__blaGES_5__35846c68064b,0.35854922619797785,blaGES-5,toward_resistant
LVX,gene__blaIMP_15__80046691531c,0.0,blaIMP-15,none
LVX,gene__blaKPC_2__1215ec196a62,0.6488369070924231,blaKPC-2,toward_resistant
LVX,gene__blaKPC_3__4f23d51e3cfe,0.5505418545162103,blaKPC-3,toward_resistant
LVX,gene__blaNDM_1__47f592955a0b,0.5362893966112849,blaNDM-1,toward_resistant
LVX,gene__blaNDM_5__97581221d5db,0.0770949277790842,blaNDM-5,toward_resistant
LVX,gene__blaNDM_7__83931ed5221d,0.273088440643457,blaNDM-7,toward_resistant
LVX,gene__blaOXA_1__33637d4ebdae,-0.05399490666929359,blaOXA-1,toward_susceptible
LVX,gene__blaOXA_10__c7efc8d7affe,0.27304921890973777,blaOXA-10,toward_resistant
LVX,gene__blaOXA_9__b5c8a779ea6c,0.05539096854725751,blaOXA-9,toward_resistant
LVX,gene__blaOXA_181__cb068f61c2a5,0.3759239735896676,blaOXA-181,toward_resistant
LVX,gene__blaOXA_232__dac1198d664c,0.6068540777594053,blaOXA-232,toward_resistant
LVX,gene__blaOXA_48__a80281b6de74,1.381095303837628,blaOXA-48,toward_resistant
LVX,gene__blaOXA_2__06018aa29e0a,0.2998099802085913,blaOXA-2,toward_resistant
LVX,gene__blaSHV_1__2856649d1151,-0.2514160174473192,blaSHV-1,toward_susceptible
LVX,gene__blaSHV_11__6cfbd3be8d6f,-0.17993267377331124,blaSHV-11,toward_susceptible
LVX,gene__blaSHV_119__8313292abae2,-0.0876415769656364,blaSHV-119,toward_susceptible
LVX,gene__blaSHV_142__712c82344f14,0.5192381514916701,blaSHV-142,toward_resistant
LVX,gene__blaSHV_168__2919af75fa14,-0.45972244537948637,blaSHV-168,toward_susceptible
LVX,gene__blaSHV_187__5da02ed84baa,-0.1623833081039923,blaSHV-187,toward_susceptible
LVX,gene__blaSHV_202__381586083ab1,-0.07628497695059502,blaSHV-202,toward_susceptible
LVX,gene__blaSHV_207__92e0baed85d1,-0.0876415769656364,blaSHV-207,toward_susceptible
LVX,gene__blaSHV_26__e7d7b216e895,-0.09745245514127178,blaSHV-26,toward_susceptible
LVX,gene__blaSHV_27__0faf55eb38a5,-0.13091819830153517,blaSHV-27,toward_susceptible
LVX,gene__blaSHV_28__848c9d283ddc,0.5278872394204814,blaSHV-28,toward_resistant
LVX,gene__blaSHV_32__8f68dd883c23,-0.2634937775288378,blaSHV-32,toward_susceptible
LVX,gene__blaSHV_171__b46a6a5c3496,-0.08192627270682783,blaSHV-171,toward_susceptible
LVX,gene__blaSHV_36__de8aa5462be7,-0.0876415769656364,blaSHV-36,toward_susceptible
LVX,gene__blaSHV_52__3c738e9bcfdd,-0.2269693243626898,blaSHV-52,toward_susceptible
LVX,gene__blaSHV_60__82babea88ffe,-0.16385254541365565,blaSHV-60,toward_susceptible
LVX,gene__blaSHV_71__64710cc2e056,0.0,blaSHV-71,none
LVX,gene__blaSHV_75__8cfb7212ad81,-0.0876415769656364,blaSHV-75,toward_susceptible
LVX,gene__blaSHV_76__e4bc5c5d4260,-0.12196429409801496,blaSHV-76,toward_susceptible
LVX,gene__blaSHV_77__dd4db7d5427c,-0.0876415769656364,blaSHV-77,toward_susceptible
LVX,gene__blaSHV_5__766b16a665e3,0.2998099802085913,blaSHV-5,toward_resistant
LVX,gene__blaSHV_12__d89ed9fb6a79,0.3475543613614495,blaSHV-12,toward_resistant
LVX,gene__blaTEM_1__4f26c2c6a7cc,0.4063933112832097,blaTEM-1,toward_resistant
LVX,gene__blaVIM_1__b8633f36b0b4,-0.10714197851341808,blaVIM-1,toward_susceptible
LVX,gene__blaVIM_4__ed55a8109914,-0.370536547451307,blaVIM-4,toward_susceptible
LVX,gene__catA1__660cc15104bb,0.5287430568459582,catA1,toward_resistant
LVX,gene__catA2__4347443d0785,-0.09957872378806865,catA2,toward_susceptible
LVX,gene__catB__4c7c8bd128b1,0.4790608147762645,catB,toward_resistant
LVX,gene__catB11__47750f628385,0.1938397299411223,catB11,toward_resistant
LVX,gene__catB2__9d488614d805,-0.10714197851341808,catB2,toward_susceptible
LVX,gene__catB3__bc428193ee96,0.8717972150630254,catB3,toward_resistant
LVX,gene__cmlA1__9fa4d895cb79,0.3028559055141958,cmlA1,toward_resistant
LVX,gene__cmlA5__e8c84368d378,0.549806193720873,cmlA5,toward_resistant
LVX,gene__cmlA6__c45345700937,0.1938397299411223,cmlA6,toward_resistant
LVX,gene__dfr7__3de314457e0d,0.2998099802085913,dfr7,toward_resistant
LVX,gene__dfrA1__408cd02e6001,-0.4089692681850433,dfrA1,toward_susceptible
LVX,gene__dfrA12__c420466a1d49,0.39287491778030703,dfrA12,toward_resistant
LVX,gene__dfrA14__a289266e0f01,-0.17243384205137713,dfrA14,toward_susceptible
LVX,gene__dfrA18__6dc5a8b3fa07,-0.0638496798423726,dfrA18,toward_susceptible
LVX,gene__dfrA19__e643d9e8c22f,-0.0015069492037987984,dfrA19,toward_susceptible
LVX,gene__dfrA27__1e67f448c6dd,0.03227454142983678,dfrA27,toward_resistant
LVX,gene__dfrA32__75c81905d551,-0.2634937775288378,dfrA32,toward_susceptible
LVX,gene__dfrA5__bdab96a3ae19,0.4139401947452354,dfrA5,toward_resistant
LVX,gene__dfrA7__abb2cd32375d,0.07598009592319546,dfrA7,toward_resistant
LVX,gene__dfrA8__c720609f7e1a,-0.133591582058039,dfrA8,toward_susceptible
LVX,gene__erm_42__495068371c67,0.273088440643457,erm(42),toward_resistant
LVX,gene__erm_B__25b1a1f314ce,-0.08326218178496293,erm(B),toward_susceptible
LVX,gene__ermC__1cc08102c15e,-0.11374730490478682,ermC,toward_susceptible
LVX,gene__floR__0150b5a65352,-0.05046401812882655,floR,toward_susceptible
LVX,gene__floR2__0d9f4cbd30dc,0.036711839818960465,floR2,toward_resistant
LVX,gene__fosA_gen__9f8699db5899,-0.5973865250668116,fosA_gen,toward_susceptible
LVX,gene__fosA5__20fcb919317e,-0.46621153279272626,fosA5,toward_susceptible
LVX,gene__fosA7__ca8d29f760ba,-0.08192627270682783,fosA7,toward_susceptible
LVX,gene__fosA7_3__9858be559cf3,-0.625373510502372,fosA7.3,toward_susceptible
LVX,gene__mcr_1_1__cfcbc4d2489b,0.19769049597981847,mcr-1.1,toward_resistant
LVX,gene__mcr_8_1__c4b56e2f74fa,0.0,mcr-8.1,none
LVX,gene__mph_A__fd470d53e276,0.0667462161909662,mph(A),toward_resistant
LVX,gene__mph_B__d07c4a8ed0ae,0.0,mph(B),none
LVX,gene__mph_E__bbdc9db0677f,0.6492136068647021,mph(E),toward_resistant
LVX,gene__msr_E__bf31980dd0a7,0.6492136068647021,msr(E),toward_resistant
LVX,gene__qnrA1__1987f9bb8a71,-0.2852211846978738,qnrA1,toward_susceptible
LVX,gene__qnrB1__82385f8142c7,0.3662306185421826,qnrB1,toward_resistant
LVX,gene__qnrB19__f24b2e236d22,-0.07247260432616055,qnrB19,toward_susceptible
LVX,gene__qnrB4__a0abfc97db02,0.15496368782807088,qnrB4,toward_resistant
LVX,gene__qnrB6__68d60e35189d,0.36595725801395834,qnrB6,toward_resistant
LVX,gene__qnrB9__48a7c4a55798,-0.22881423861062883,qnrB9,toward_susceptible
LVX,gene__qnrS1__dd225cb6bb26,0.3875719372417159,qnrS1,toward_resistant
LVX,gene__rmtB1__206fbadc2706,0.036711839818960465,rmtB1,toward_resistant
LVX,gene__rmtF1__98fa5442507e,0.4790608147762645,rmtF1,toward_resistant
LVX,gene__rmtH__0b842a786976,0.0,rmtH,none
LVX,gene__sul1__f3335816df53,0.8167620930830092,sul1,toward_resistant
LVX,gene__sul2__691bb44fc37d,-0.1250544302426486,sul2,toward_susceptible
LVX,gene__sul3__c35f66389909,0.3028559055141958,sul3,toward_resistant
LVX,gene__tet_A__77c7af2b14d7,-0.5755160548327506,tet(A),toward_susceptible
LVX,gene__tet_B__e414ad27e773,0.19769049597981847,tet(B),toward_resistant
LVX,gene__tet_D__3c1d9fd570ce,-0.06574109860824841,tet(D),toward_susceptible
LVX,gene__tet_G__ff8069e4bb7d,0.036711839818960465,tet(G),toward_resistant
LVX,gene__tet_M__d76e29348b04,-0.2634937775288378,tet(M),toward_susceptible
LVX,gene__tet_X__9c42914df2c5,0.0,tet(X),none
LVX,variant__OmpK35_17__66f4c20ddacd,0.29379741711980395,OmpK35-17%,toward_resistant
LVX,variant__OmpK35_21__31dd4cc2c7ca,0.4091635817795869,OmpK35-21%,toward_resistant
LVX,variant__OmpK35_25__fd91e78b8b94,0.15754193044337764,OmpK35-25%,toward_resistant
LVX,variant__OmpK35_30__62c7989dcb3c,0.10313684118659679,OmpK35-30%,toward_resistant
LVX,variant__OmpK35_59__aa2f1c0ae1df,0.410655713861212,OmpK35-59%,toward_resistant
LVX,variant__OmpK35_72__737848bea52e,0.27654886342245216,OmpK35-72%,toward_resistant
LVX,variant__OmpK35_76__298f13b13ce1,0.5736144695694861,OmpK35-76%,toward_resistant
LVX,variant__OmpK35_87__b0d3a2ebe702,0.036711839818960465,OmpK35-87%,toward_resistant
LVX,variant__OmpK36GD__a3b86b232e9f,0.7751118472916796,OmpK36GD,toward_resistant
LVX,variant__OmpK36TD__f8db20b567d2,0.3759239735896676,OmpK36TD,toward_resistant
LVX,variant__MgrB_0__31a2fe707ea6,0.29379741711980395,MgrB-0%,toward_resistant
LVX,variant__MgrB_32__0323946870fa,0.035974626946197706,MgrB-32%,toward_resistant
LVX,variant__MgrB_49__684df5ce7bab,0.4093325111802745,MgrB-49%,toward_resistant
LVX,variant__MgrB_51__fd69d10f80c0,0.06346900693481475,MgrB-51%,toward_resistant
LVX,variant__MgrB_53__ec8926a14680,0.03868195496130539,MgrB-53%,toward_resistant
LVX,variant__MgrB_89__851202355ac8,0.5986390260191747,MgrB-89%,toward_resistant
SAM,gene__aac_2_Iia__9c86f637dab6,0.3478773191064358,aac(2')-Iia,toward_resistant
SAM,gene__aac_3_IId__0ca553a3e15f,0.21172815974597034,aac(3)-IId,toward_resistant
SAM,gene__aac_3_IIe__0590cef7e34d,0.3701224080628615,aac(3)-IIe,toward_resistant
SAM,gene__aac_3_IIg__f145d4456597,0.04463272141553232,aac(3)-IIg,toward_resistant
SAM,gene__aac_3_IVa__74bd15e0ab3f,0.3387382021815727,aac(3)-IVa,toward_resistant
SAM,gene__aac_6_Ib4__83a5f45c9699,0.2888048418091743,aac(6')-Ib4,toward_resistant
SAM,gene__aac_6_Ib_AKT__5ca650df53c2,0.12243947402898793,aac(6')-Ib-AKT,toward_resistant
SAM,gene__aac_6_Ib__22bae5c8a74e,0.09183503769443842,aac(6')-Ib,toward_resistant
SAM,gene__aac_6_Ib_cr5__ec16b29386f5,0.124869083143912,aac(6')-Ib-cr5,toward_resistant
SAM,gene__aac_6_Ib_G__566c8f5f56fc,0.02162968795279631,aac(6')-Ib-G,toward_resistant
SAM,gene__aac_6_IIc__5125879a4c57,0.04463272141553232,aac(6')-IIc,toward_resistant
SAM,gene__aac_6_Il__43e6a7176631,0.021416725753317073,aac(6')-Il,toward_resistant
SAM,gene__aadA1__15687b499fd6,0.42942739669532165,aadA1,toward_resistant
SAM,gene__aadA16__3e668ce14552,0.1421355029690485,aadA16,toward_resistant
SAM,gene__aadA2__d33a4eec592a,0.3656747714431289,aadA2,toward_resistant
SAM,gene__ant_2_Ia__4f7da569764e,0.176333610296402,ant(2'')-Ia,toward_resistant
SAM,gene__aph_3_Ia__3d72b1a8886b,-0.46247192970651657,aph(3')-Ia,toward_susceptible
SAM,gene__aph_3_Ib__42354e4cc2ec,0.3079973759058028,aph(3'')-Ib,toward_resistant
SAM,gene__aph_3_VI__709faaabdc88,0.06453470222366894,aph(3')-VI,toward_resistant
SAM,gene__aph_3_Vib__d9a2b83d591e,0.02231989018509858,aph(3')-Vib,toward_resistant
SAM,gene__aph_3_XV__54118836b92b,0.23089946194250138,aph(3')-XV,toward_resistant
SAM,gene__aph_4_Ia__37a4ead2ddca,0.3387382021815727,aph(4)-Ia,toward_resistant
SAM,gene__aph_6_Id__f94324227069,0.220878068703664,aph(6)-Id,toward_resistant
SAM,gene__armA__1e3e7a5cbbf7,0.2040070430575264,armA,toward_resistant
SAM,gene__arr_2__3f94280a4461,0.2650830882520321,arr-2,toward_resistant
SAM,gene__arr_269927220__e45b2c03e53a,0.04463272141553232,arr-269927220,toward_resistant
SAM,gene__arr_3__3ee789662ef8,0.1704749075126301,arr-3,toward_resistant
SAM,gene__arr_8_like__f42aa4ad0eab,0.018746561441423285,arr-8-like,toward_resistant
SAM,gene__blaCARB_2__24c64e94426d,0.40671923202179905,blaCARB-2,toward_resistant
SAM,gene__blaCMY_4__1b7453f819b2,0.010427709657979699,blaCMY-4,toward_resistant
SAM,gene__blaCTX_M_14__fc9c58acd0f5,0.5833063165227508,blaCTX-M-14,toward_resistant
SAM,gene__blaCTX_M_15__b1d9b9d47471,1.1278437671302841,blaCTX-M-15,toward_resistant
SAM,gene__blaCTX_M_3__3ded50be1fb4,0.2362835777607489,blaCTX-M-3,toward_resistant
SAM,gene__blaCTX_M_55__1df213c735c7,0.08062480710760897,blaCTX-M-55,toward_resistant
SAM,gene__blaDHA_1__e60f091f95c5,0.042092909274813725,blaDHA-1,toward_resistant
SAM,gene__blaFOX_5__8b528f2222bf,0.13096582488814107,blaFOX-5,toward_resistant
SAM,gene__blaGES_5__35846c68064b,0.018746561441423285,blaGES-5,toward_resistant
SAM,gene__blaIMP_15__80046691531c,0.057905379866672935,blaIMP-15,toward_resistant
SAM,gene__blaKPC_2__1215ec196a62,0.23592883740384554,blaKPC-2,toward_resistant
SAM,gene__blaKPC_3__4f23d51e3cfe,0.10253331910380555,blaKPC-3,toward_resistant
SAM,gene__blaNDM_1__47f592955a0b,0.20159243465095944,blaNDM-1,toward_resistant
SAM,gene__blaNDM_5__97581221d5db,0.10561621890307929,blaNDM-5,toward_resistant
SAM,gene__blaNDM_7__83931ed5221d,0.002452123314239159,blaNDM-7,toward_resistant
SAM,gene__blaOXA_1__33637d4ebdae,0.6172227111439516,blaOXA-1,toward_resistant
SAM,gene__blaOXA_10__c7efc8d7affe,0.13783718139615647,blaOXA-10,toward_resistant
SAM,gene__blaOXA_9__b5c8a779ea6c,0.012477198111369731,blaOXA-9,toward_resistant
SAM,gene__blaOXA_181__cb068f61c2a5,0.1344332349308805,blaOXA-181,toward_resistant
SAM,gene__blaOXA_232__dac1198d664c,0.05346143462113404,blaOXA-232,toward_resistant
SAM,gene__blaOXA_48__a80281b6de74,0.2970912131852827,blaOXA-48,toward_resistant
SAM,gene__blaOXA_2__06018aa29e0a,0.19680725849448327,blaOXA-2,toward_resistant
SAM,gene__blaSHV_1__2856649d1151,0.09913127786464355,blaSHV-1,toward_resistant
SAM,gene__blaSHV_11__6cfbd3be8d6f,0.1516964574433018,blaSHV-11,toward_resistant
SAM,gene__blaSHV_119__8313292abae2,-0.24144031031841565,blaSHV-119,toward_susceptible
SAM,gene__blaSHV_142__712c82344f14,0.22688605214638208,blaSHV-142,toward_resistant
SAM,gene__blaSHV_168__2919af75fa14,0.1029018291790645,blaSHV-168,toward_resistant
SAM,gene__blaSHV_187__5da02ed84baa,0.6234685311609027,blaSHV-187,toward_resistant
SAM,gene__blaSHV_202__381586083ab1,0.057847568321164694,blaSHV-202,toward_resistant
SAM,gene__blaSHV_207__92e0baed85d1,-0.24144031031841565,blaSHV-207,toward_susceptible
SAM,gene__blaSHV_26__e7d7b216e895,-0.24238474619455738,blaSHV-26,toward_susceptible
SAM,gene__blaSHV_27__0faf55eb38a5,-0.8404400019041894,blaSHV-27,toward_susceptible
SAM,gene__blaSHV_28__848c9d283ddc,-0.25431790049177505,blaSHV-28,toward_susceptible
SAM,gene__blaSHV_32__8f68dd883c23,0.08062480710760897,blaSHV-32,toward_resistant
SAM,gene__blaSHV_171__b46a6a5c3496,0.45749328205532597,blaSHV-171,toward_resistant
SAM,gene__blaSHV_36__de8aa5462be7,-0.24144031031841565,blaSHV-36,toward_susceptible
SAM,gene__blaSHV_52__3c738e9bcfdd,0.006773248547872868,blaSHV-52,toward_resistant
SAM,gene__blaSHV_60__82babea88ffe,-0.41462454638641394,blaSHV-60,toward_susceptible
SAM,gene__blaSHV_71__64710cc2e056,0.006773248547872868,blaSHV-71,toward_resistant
SAM,gene__blaSHV_75__8cfb7212ad81,-0.24144031031841565,blaSHV-75,toward_susceptible
SAM,gene__blaSHV_76__e4bc5c5d4260,0.011045742280140325,blaSHV-76,toward_resistant
SAM,gene__blaSHV_77__dd4db7d5427c,-0.24144031031841565,blaSHV-77,toward_susceptible
SAM,gene__blaSHV_5__766b16a665e3,0.19680725849448327,blaSHV-5,toward_resistant
SAM,gene__blaSHV_12__d89ed9fb6a79,0.42500487953634253,blaSHV-12,toward_resistant
SAM,gene__blaTEM_1__4f26c2c6a7cc,1.6640680834597674,blaTEM-1,toward_resistant
SAM,gene__blaVIM_1__b8633f36b0b4,0.23089946194250138,blaVIM-1,toward_resistant
SAM,gene__blaVIM_4__ed55a8109914,0.021416725753317073,blaVIM-4,toward_resistant
SAM,gene__catA1__660cc15104bb,0.3003494796732076,catA1,toward_resistant
SAM,gene__catA2__4347443d0785,-0.39652512931257283,catA2,toward_susceptible
SAM,gene__catB__4c7c8bd128b1,0.1560629228836768,catB,toward_resistant
SAM,gene__catB11__47750f628385,0.13096582488814107,catB11,toward_resistant
SAM,gene__catB2__9d488614d805,0.23089946194250138,catB2,toward_resistant
SAM,gene__catB3__bc428193ee96,0.682082431286524,catB3,toward_resistant
SAM,gene__cmlA1__9fa4d895cb79,0.35642109846586634,cmlA1,toward_resistant
SAM,gene__cmlA5__e8c84368d378,0.17037568922869212,cmlA5,toward_resistant
SAM,gene__cmlA6__c45345700937,0.13096582488814107,cmlA6,toward_resistant
SAM,gene__dfr7__3de314457e0d,0.19680725849448327,dfr7,toward_resistant
SAM,gene__dfrA1__408cd02e6001,-0.12966833506993142,dfrA1,toward_susceptible
SAM,gene__dfrA12__c420466a1d49,-0.11851631628291945,dfrA12,toward_susceptible
SAM,gene__dfrA14__a289266e0f01,0.28175658664759906,dfrA14,toward_resistant
SAM,gene__dfrA18__6dc5a8b3fa07,0.4509452941190088,dfrA18,toward_resistant
SAM,gene__dfrA19__e643d9e8c22f,0.1755985463036734,dfrA19,toward_resistant
SAM,gene__dfrA27__1e67f448c6dd,0.1421355029690485,dfrA27,toward_resistant
SAM,gene__dfrA32__75c81905d551,0.08062480710760897,dfrA32,toward_resistant
SAM,gene__dfrA5__bdab96a3ae19,0.031223759552793013,dfrA5,toward_resistant
SAM,gene__dfrA7__abb2cd32375d,0.21100319010609808,dfrA7,toward_resistant
SAM,gene__dfrA8__c720609f7e1a,0.20155144201681868,dfrA8,toward_resistant
SAM,gene__erm_42__495068371c67,0.002452123314239159,erm(42),toward_resistant
SAM,gene__erm_B__25b1a1f314ce,0.026640359121667682,erm(B),toward_resistant
SAM,gene__ermC__1cc08102c15e,0.2362835777607489,ermC,toward_resistant
SAM,gene__floR__0150b5a65352,0.3778168968663355,floR,toward_resistant
SAM,gene__floR2__0d9f4cbd30dc,0.008587448177591798,floR2,toward_resistant
SAM,gene__fosA_gen__9f8699db5899,-0.5232272601821808,fosA_gen,toward_susceptible
SAM,gene__fosA5__20fcb919317e,-0.5178149468204327,fosA5,toward_susceptible
SAM,gene__fosA7__ca8d29f760ba,0.5000771824801437,fosA7,toward_resistant
SAM,gene__fosA7_3__9858be559cf3,-0.12938010230622982,fosA7.3,toward_susceptible
SAM,gene__mcr_1_1__cfcbc4d2489b,0.04893521643022944,mcr-1.1,toward_resistant
SAM,gene__mcr_8_1__c4b56e2f74fa,0.04258390042481768,mcr-8.1,toward_resistant
SAM,gene__mph_A__fd470d53e276,-0.12598284474863253,mph(A),toward_susceptible
SAM,gene__mph_B__d07c4a8ed0ae,0.04258390042481768,mph(B),toward_resistant
SAM,gene__mph_E__bbdc9db0677f,0.33497286794566744,mph(E),toward_resistant
SAM,gene__msr_E__bf31980dd0a7,0.33497286794566744,msr(E),toward_resistant
SAM,gene__qnrA1__1987f9bb8a71,0.45636262460620275,qnrA1,toward_resistant
SAM,gene__qnrB1__82385f8142c7,0.47998648900615726,qnrB1,toward_resistant
SAM,gene__qnrB19__f24b2e236d22,0.27128458431248614,qnrB19,toward_resistant
SAM,gene__qnrB4__a0abfc97db02,0.042092909274813725,qnrB4,toward_resistant
SAM,gene__qnrB6__68d60e35189d,-0.25730217841815634,qnrB6,toward_susceptible
SAM,gene__qnrB9__48a7c4a55798,0.0,qnrB9,none
SAM,gene__qnrS1__dd225cb6bb26,-0.2684792426609341,qnrS1,toward_susceptible
SAM,gene__rmtB1__206fbadc2706,0.008587448177591798,rmtB1,toward_resistant
SAM,gene__rmtF1__98fa5442507e,0.1560629228836768,rmtF1,toward_resistant
SAM,gene__rmtH__0b842a786976,0.010427709657979699,rmtH,toward_resistant
SAM,gene__sul1__f3335816df53,0.6181120715061107,sul1,toward_resistant
SAM,gene__sul2__691bb44fc37d,0.4505035791994249,sul2,toward_resistant
SAM,gene__sul3__c35f66389909,0.35642109846586634,sul3,toward_resistant
SAM,gene__tet_A__77c7af2b14d7,-0.06601535687104389,tet(A),toward_susceptible
SAM,gene__tet_B__e414ad27e773,0.04893521643022944,tet(B),toward_resistant
SAM,gene__tet_D__3c1d9fd570ce,1.1871439436529114,tet(D),toward_resistant
SAM,gene__tet_G__ff8069e4bb7d,0.008587448177591798,tet(G),toward_resistant
SAM,gene__tet_M__d76e29348b04,0.08062480710760897,tet(M),toward_resistant
SAM,gene__tet_X__9c42914df2c5,0.057905379866672935,tet(X),toward_resistant
SAM,variant__OmpK35_17__66f4c20ddacd,0.08585681648932333,OmpK35-17%,toward_resistant
SAM,variant__OmpK35_21__31dd4cc2c7ca,0.004526218190904608,OmpK35-21%,toward_resistant
SAM,variant__OmpK35_25__fd91e78b8b94,0.12199513209010185,OmpK35-25%,toward_resistant
SAM,variant__OmpK35_30__62c7989dcb3c,0.02162968795279631,OmpK35-30%,toward_resistant
SAM,variant__OmpK35_59__aa2f1c0ae1df,-0.24662377721435313,OmpK35-59%,toward_susceptible
SAM,variant__OmpK35_72__737848bea52e,0.12528885369443118,OmpK35-72%,toward_resistant
SAM,variant__OmpK35_76__298f13b13ce1,0.1833684513611099,OmpK35-76%,toward_resistant
SAM,variant__OmpK35_87__b0d3a2ebe702,0.008587448177591798,OmpK35-87%,toward_resistant
SAM,variant__OmpK36GD__a3b86b232e9f,0.20240527482744464,OmpK36GD,toward_resistant
SAM,variant__OmpK36TD__f8db20b567d2,0.1344332349308805,OmpK36TD,toward_resistant
SAM,variant__MgrB_0__31a2fe707ea6,0.08585681648932333,MgrB-0%,toward_resistant
SAM,variant__MgrB_32__0323946870fa,0.02231989018509858,MgrB-32%,toward_resistant
SAM,variant__MgrB_49__684df5ce7bab,0.004344048839287015,MgrB-49%,toward_resistant
SAM,variant__MgrB_51__fd69d10f80c0,0.09183503769443842,MgrB-51%,toward_resistant
SAM,variant__MgrB_53__ec8926a14680,0.01768289628429369,MgrB-53%,toward_resistant
SAM,variant__MgrB_89__851202355ac8,0.22562427452228448,MgrB-89%,toward_resistant
ETP,gene__aac_2_Iia__9c86f637dab6,-0.10644369884174208,aac(2')-Iia,toward_susceptible
ETP,gene__aac_3_IId__0ca553a3e15f,0.37755492981300776,aac(3)-IId,toward_resistant
ETP,gene__aac_3_IIe__0590cef7e34d,0.50942518268563,aac(3)-IIe,toward_resistant
ETP,gene__aac_3_IIg__f145d4456597,-0.0574895349899717,aac(3)-IIg,toward_susceptible
ETP,gene__aac_3_IVa__74bd15e0ab3f,-0.0796517440995165,aac(3)-IVa,toward_susceptible
ETP,gene__aac_6_Ib4__83a5f45c9699,0.3073463437960634,aac(6')-Ib4,toward_resistant
ETP,gene__aac_6_Ib_AKT__5ca650df53c2,0.20547528354691108,aac(6')-Ib-AKT,toward_resistant
ETP,gene__aac_6_Ib__22bae5c8a74e,0.16924681714057116,aac(6')-Ib,toward_resistant
ETP,gene__aac_6_Ib_cr5__ec16b29386f5,0.3815672492031257,aac(6')-Ib-cr5,toward_resistant
ETP,gene__aac_6_Ib_G__566c8f5f56fc,0.15472873636827106,aac(6')-Ib-G,toward_resistant
ETP,gene__aac_6_IIc__5125879a4c57,-0.0574895349899717,aac(6')-IIc,toward_susceptible
ETP,gene__aac_6_Il__43e6a7176631,0.23140819313253516,aac(6')-Il,toward_resistant
ETP,gene__aadA1__15687b499fd6,0.4192429547150365,aadA1,toward_resistant
ETP,gene__aadA16__3e668ce14552,0.3635029835737768,aadA16,toward_resistant
ETP,gene__aadA2__d33a4eec592a,0.3324905030420109,aadA2,toward_resistant
ETP,gene__ant_2_Ia__4f7da569764e,0.07890941679715979,ant(2'')-Ia,toward_resistant
ETP,gene__aph_3_Ia__3d72b1a8886b,-0.6524621392826541,aph(3')-Ia,toward_susceptible
ETP,gene__aph_3_Ib__42354e4cc2ec,0.061183717037130006,aph(3'')-Ib,toward_resistant
ETP,gene__aph_3_VI__709faaabdc88,0.2889882359825313,aph(3')-VI,toward_resistant
ETP,gene__aph_3_Vib__d9a2b83d591e,0.05616957556090958,aph(3')-Vib,toward_resistant
ETP,gene__aph_3_XV__54118836b92b,0.0,aph(3')-XV,none
ETP,gene__aph_4_Ia__37a4ead2ddca,-0.0796517440995165,aph(4)-Ia,toward_susceptible
ETP,gene__aph_6_Id__f94324227069,0.12141021402037014,aph(6)-Id,toward_resistant
ETP,gene__armA__1e3e7a5cbbf7,0.07372092787834311,armA,toward_resistant
ETP,gene__arr_2__3f94280a4461,0.17329484448423088,arr-2,toward_resistant
ETP,gene__arr_269927220__e45b2c03e53a,-0.0574895349899717,arr-269927220,toward_susceptible
ETP,gene__arr_3__3ee789662ef8,0.4712072088604124,arr-3,toward_resistant
ETP,gene__arr_8_like__f42aa4ad0eab,-0.08056990507117215,arr-8-like,toward_susceptible
ETP,gene__blaCARB_2__24c64e94426d,-0.1119814011586597,blaCARB-2,toward_susceptible
ETP,gene__blaCMY_4__1b7453f819b2,-0.13068528415949862,blaCMY-4,toward_susceptible
ETP,gene__blaCTX_M_14__fc9c58acd0f5,0.5760801450512711,blaCTX-M-14,toward_resistant
ETP,gene__blaCTX_M_15__b1d9b9d47471,0.4588501498499632,blaCTX-M-15,toward_resistant
ETP,gene__blaCTX_M_3__3ded50be1fb4,-0.08350335658802988,blaCTX-M-3,toward_susceptible
ETP,gene__blaCTX_M_55__1df213c735c7,-0.08483232929804894,blaCTX-M-55,toward_susceptible
ETP,gene__blaDHA_1__e60f091f95c5,0.023267376735712105,blaDHA-1,toward_resistant
ETP,gene__blaFOX_5__8b528f2222bf,-0.04596394934260537,blaFOX-5,toward_susceptible
ETP,gene__blaGES_5__35846c68064b,-0.08056990507117215,blaGES-5,toward_susceptible
ETP,gene__blaIMP_15__80046691531c,0.3073463437960634,blaIMP-15,toward_resistant
ETP,gene__blaKPC_2__1215ec196a62,0.9580112225257806,blaKPC-2,toward_resistant
ETP,gene__blaKPC_3__4f23d51e3cfe,0.7820493565807892,blaKPC-3,toward_resistant
ETP,gene__blaNDM_1__47f592955a0b,1.0566502360284165,blaNDM-1,toward_resistant
ETP,gene__blaNDM_5__97581221d5db,0.07874341764938009,blaNDM-5,toward_resistant
ETP,gene__blaNDM_7__83931ed5221d,0.39825492674538504,blaNDM-7,toward_resistant
ETP,gene__blaOXA_1__33637d4ebdae,0.2897660434130913,blaOXA-1,toward_resistant
ETP,gene__blaOXA_10__c7efc8d7affe,-0.06017730953342025,blaOXA-10,toward_susceptible
ETP,gene__blaOXA_9__b5c8a779ea6c,0.20277700282126826,blaOXA-9,toward_resistant
ETP,gene__blaOXA_181__cb068f61c2a5,0.4113079021328778,blaOXA-181,toward_resistant
ETP,gene__blaOXA_232__dac1198d664c,0.6012403647577093,blaOXA-232,toward_resistant
ETP,gene__blaOXA_48__a80281b6de74,1.9719901953192456,blaOXA-48,toward_resistant
ETP,gene__blaOXA_2__06018aa29e0a,0.3880154686028882,blaOXA-2,toward_resistant
ETP,gene__blaSHV_1__2856649d1151,-0.3758774477394442,blaSHV-1,toward_susceptible
ETP,gene__blaSHV_11__6cfbd3be8d6f,0.2807486095051934,blaSHV-11,toward_resistant
ETP,gene__blaSHV_119__8313292abae2,-0.058055143513044236,blaSHV-119,toward_susceptible
ETP,gene__blaSHV_142__712c82344f14,-0.13206528468976786,blaSHV-142,toward_susceptible
ETP,gene__blaSHV_168__2919af75fa14,-0.27839729157035237,blaSHV-168,toward_susceptible
ETP,gene__blaSHV_187__5da02ed84baa,-0.2887668775843103,blaSHV-187,toward_susceptible
ETP,gene__blaSHV_202__381586083ab1,-0.04307438460243443,blaSHV-202,toward_susceptible
ETP,gene__blaSHV_207__92e0baed85d1,-0.058055143513044236,blaSHV-207,toward_susceptible
ETP,gene__blaSHV_26__e7d7b216e895,-0.07789117447282189,blaSHV-26,toward_susceptible
ETP,gene__blaSHV_27__0faf55eb38a5,-0.40538592824632513,blaSHV-27,toward_susceptible
ETP,gene__blaSHV_28__848c9d283ddc,0.819348745469836,blaSHV-28,toward_resistant
ETP,gene__blaSHV_32__8f68dd883c23,-0.08483232929804894,blaSHV-32,toward_susceptible
ETP,gene__blaSHV_171__b46a6a5c3496,-0.05223067929955484,blaSHV-171,toward_susceptible
ETP,gene__blaSHV_36__de8aa5462be7,-0.058055143513044236,blaSHV-36,toward_susceptible
ETP,gene__blaSHV_52__3c738e9bcfdd,-0.1795551200865532,blaSHV-52,toward_susceptible
ETP,gene__blaSHV_60__82babea88ffe,-0.11066516066644234,blaSHV-60,toward_susceptible
ETP,gene__blaSHV_71__64710cc2e056,-0.1795551200865532,blaSHV-71,toward_susceptible
ETP,gene__blaSHV_75__8cfb7212ad81,-0.058055143513044236,blaSHV-75,toward_susceptible
ETP,gene__blaSHV_76__e4bc5c5d4260,-0.08469033548053989,blaSHV-76,toward_susceptible
ETP,gene__blaSHV_77__dd4db7d5427c,-0.058055143513044236,blaSHV-77,toward_susceptible
ETP,gene__blaSHV_5__766b16a665e3,0.3880154686028882,blaSHV-5,toward_resistant
ETP,gene__blaSHV_12__d89ed9fb6a79,-0.09193859885639023,blaSHV-12,toward_susceptible
ETP,gene__blaTEM_1__4f26c2c6a7cc,0.34429471965503833,blaTEM-1,toward_resistant
ETP,gene__blaVIM_1__b8633f36b0b4,0.0,blaVIM-1,none
ETP,gene__blaVIM_4__ed55a8109914,0.23140819313253516,blaVIM-4,toward_resistant
ETP,gene__catA1__660cc15104bb,0.25565995142484954,catA1,toward_resistant
ETP,gene__catA2__4347443d0785,0.2453282831227782,catA2,toward_resistant
ETP,gene__catB__4c7c8bd128b1,0.5660366385011489,catB,toward_resistant
ETP,gene__catB11__47750f628385,-0.04596394934260537,catB11,toward_susceptible
ETP,gene__catB2__9d488614d805,0.0,catB2,none
ETP,gene__catB3__bc428193ee96,0.08111598811157067,catB3,toward_resistant
ETP,gene__cmlA1__9fa4d895cb79,0.07208576312635148,cmlA1,toward_resistant
ETP,gene__cmlA5__e8c84368d378,-0.047033886192629666,cmlA5,toward_susceptible
ETP,gene__cmlA6__c45345700937,-0.04596394934260537,cmlA6,toward_susceptible
ETP,gene__dfr7__3de314457e0d,0.3880154686028882,dfr7,toward_resistant
ETP,gene__dfrA1__408cd02e6001,0.1827038716213592,dfrA1,toward_resistant
ETP,gene__dfrA12__c420466a1d49,0.6133699772074142,dfrA12,toward_resistant
ETP,gene__dfrA14__a289266e0f01,-0.2860608271929684,dfrA14,toward_susceptible
ETP,gene__dfrA18__6dc5a8b3fa07,-0.02826174371133891,dfrA18,toward_susceptible
ETP,gene__dfrA19__e643d9e8c22f,-0.10345348433257708,dfrA19,toward_susceptible
ETP,gene__dfrA27__1e67f448c6dd,0.3635029835737768,dfrA27,toward_resistant
ETP,gene__dfrA32__75c81905d551,-0.08483232929804894,dfrA32,toward_susceptible
ETP,gene__dfrA5__bdab96a3ae19,0.12220709775009611,dfrA5,toward_resistant
ETP,gene__dfrA7__abb2cd32375d,-0.16144268264102135,dfrA7,toward_susceptible
ETP,gene__dfrA8__c720609f7e1a,-0.07962940863200077,dfrA8,toward_susceptible
ETP,gene__erm_42__495068371c67,0.39825492674538504,erm(42),toward_resistant
ETP,gene__erm_B__25b1a1f314ce,-0.02268217917738522,erm(B),toward_susceptible
ETP,gene__ermC__1cc08102c15e,-0.08350335658802988,ermC,toward_susceptible
ETP,gene__floR__0150b5a65352,0.2674084655829212,floR,toward_resistant
ETP,gene__floR2__0d9f4cbd30dc,0.1196782503335606,floR2,toward_resistant
ETP,gene__fosA_gen__9f8699db5899,-0.8937262474175212,fosA_gen,toward_susceptible
ETP,gene__fosA5__20fcb919317e,-0.5460237380774006,fosA5,toward_susceptible
ETP,gene__fosA7__ca8d29f760ba,-0.1212903014720423,fosA7,toward_susceptible
ETP,gene__fosA7_3__9858be559cf3,-0.5201317403138114,fosA7.3,toward_susceptible
ETP,gene__mcr_1_1__cfcbc4d2489b,0.18590866954799004,mcr-1.1,toward_resistant
ETP,gene__mcr_8_1__c4b56e2f74fa,-0.06905962217248746,mcr-8.1,toward_susceptible
ETP,gene__mph_A__fd470d53e276,-0.15073049737209052,mph(A),toward_susceptible
ETP,gene__mph_B__d07c4a8ed0ae,-0.06905962217248746,mph(B),toward_susceptible
ETP,gene__mph_E__bbdc9db0677f,0.027756978535737727,mph(E),toward_resistant
ETP,gene__msr_E__bf31980dd0a7,0.027756978535737727,msr(E),toward_resistant
ETP,gene__qnrA1__1987f9bb8a71,-0.3468818516942877,qnrA1,toward_susceptible
ETP,gene__qnrB1__82385f8142c7,0.5563035394345055,qnrB1,toward_resistant
ETP,gene__qnrB19__f24b2e236d22,-0.04857845174626849,qnrB19,toward_susceptible
ETP,gene__qnrB4__a0abfc97db02,0.023267376735712105,qnrB4,toward_resistant
ETP,gene__qnrB6__68d60e35189d,0.13527399817124197,qnrB6,toward_resistant
ETP,gene__qnrB9__48a7c4a55798,-0.08431519120709645,qnrB9,toward_susceptible
ETP,gene__qnrS1__dd225cb6bb26,0.17724467407179345,qnrS1,toward_resistant
ETP,gene__rmtB1__206fbadc2706,0.1196782503335606,rmtB1,toward_resistant
ETP,gene__rmtF1__98fa5442507e,0.5660366385011489,rmtF1,toward_resistant
ETP,gene__rmtH__0b842a786976,-0.13068528415949862,rmtH,toward_susceptible
ETP,gene__sul1__f3335816df53,0.24587466992103194,sul1,toward_resistant
ETP,gene__sul2__691bb44fc37d,-0.42257716236483855,sul2,toward_susceptible
ETP,gene__sul3__c35f66389909,0.07208576312635148,sul3,toward_resistant
ETP,gene__tet_A__77c7af2b14d7,-0.6155660562355215,tet(A),toward_susceptible
ETP,gene__tet_B__e414ad27e773,0.18590866954799004,tet(B),toward_resistant
ETP,gene__tet_D__3c1d9fd570ce,0.08529651662775073,tet(D),toward_resistant
ETP,gene__tet_G__ff8069e4bb7d,0.1196782503335606,tet(G),toward_resistant
ETP,gene__tet_M__d76e29348b04,-0.08483232929804894,tet(M),toward_susceptible
ETP,gene__tet_X__9c42914df2c5,0.3073463437960634,tet(X),toward_resistant
ETP,variant__OmpK35_17__66f4c20ddacd,0.3077683161511722,OmpK35-17%,toward_resistant
ETP,variant__OmpK35_21__31dd4cc2c7ca,0.41533169520971924,OmpK35-21%,toward_resistant
ETP,variant__OmpK35_25__fd91e78b8b94,0.5237613271877074,OmpK35-25%,toward_resistant
ETP,variant__OmpK35_30__62c7989dcb3c,0.15472873636827106,OmpK35-30%,toward_resistant
ETP,variant__OmpK35_59__aa2f1c0ae1df,-0.33609670760756316,OmpK35-59%,toward_susceptible
ETP,variant__OmpK35_72__737848bea52e,0.2779129169134382,OmpK35-72%,toward_resistant
ETP,variant__OmpK35_76__298f13b13ce1,0.5972165716808678,OmpK35-76%,toward_resistant
ETP,variant__OmpK35_87__b0d3a2ebe702,0.1196782503335606,OmpK35-87%,toward_resistant
ETP,variant__OmpK36GD__a3b86b232e9f,0.9198789366898062,OmpK36GD,toward_resistant
ETP,variant__OmpK36TD__f8db20b567d2,0.4113079021328778,OmpK36TD,toward_resistant
ETP,variant__MgrB_0__31a2fe707ea6,0.3077683161511722,MgrB-0%,toward_resistant
ETP,variant__MgrB_32__0323946870fa,0.05616957556090958,MgrB-32%,toward_resistant
ETP,variant__MgrB_49__684df5ce7bab,0.31123068756917455,MgrB-49%,toward_resistant
ETP,variant__MgrB_51__fd69d10f80c0,0.16924681714057116,MgrB-51%,toward_resistant
ETP,variant__MgrB_53__ec8926a14680,0.15173750722586798,MgrB-53%,toward_resistant
ETP,variant__MgrB_89__851202355ac8,0.7205799530863859,MgrB-89%,toward_resistant
MEM,gene__aac_2_Iia__9c86f637dab6,-0.102940489011127,aac(2')-Iia,toward_susceptible
MEM,gene__aac_3_IId__0ca553a3e15f,0.4470330888046121,aac(3)-IId,toward_resistant
MEM,gene__aac_3_IIe__0590cef7e34d,0.4028533082108087,aac(3)-IIe,toward_resistant
MEM,gene__aac_3_IIg__f145d4456597,-0.060360757442618776,aac(3)-IIg,toward_susceptible
MEM,gene__aac_3_IVa__74bd15e0ab3f,-0.10178088175324067,aac(3)-IVa,toward_susceptible
MEM,gene__aac_6_Ib4__83a5f45c9699,0.5016204870673899,aac(6')-Ib4,toward_resistant
MEM,gene__aac_6_Ib_AKT__5ca650df53c2,0.1840617757129411,aac(6')-Ib-AKT,toward_resistant
MEM,gene__aac_6_Ib__22bae5c8a74e,0.15361211871260164,aac(6')-Ib,toward_resistant
MEM,gene__aac_6_Ib_cr5__ec16b29386f5,0.481110242614153,aac(6')-Ib-cr5,toward_resistant
MEM,gene__aac_6_Ib_G__566c8f5f56fc,0.19519526384372765,aac(6')-Ib-G,toward_resistant
MEM,gene__aac_6_IIc__5125879a4c57,-0.060360757442618776,aac(6')-IIc,toward_susceptible
MEM,gene__aac_6_Il__43e6a7176631,0.20360139563443566,aac(6')-Il,toward_resistant
MEM,gene__aadA1__15687b499fd6,0.7193289356600963,aadA1,toward_resistant
MEM,gene__aadA16__3e668ce14552,0.18898135784140038,aadA16,toward_resistant
MEM,gene__aadA2__d33a4eec592a,0.2873082569551816,aadA2,toward_resistant
MEM,gene__ant_2_Ia__4f7da569764e,0.06478309534415405,ant(2'')-Ia,toward_resistant
MEM,gene__aph_3_Ia__3d72b1a8886b,-0.6926190579354277,aph(3')-Ia,toward_susceptible
MEM,gene__aph_3_Ib__42354e4cc2ec,0.05460607434840819,aph(3'')-Ib,toward_resistant
MEM,gene__aph_3_VI__709faaabdc88,0.30951483524278095,aph(3')-VI,toward_resistant
MEM,gene__aph_3_Vib__d9a2b83d591e,0.050314434446595634,aph(3')-Vib,toward_resistant
MEM,gene__aph_3_XV__54118836b92b,0.5016204870673899,aph(3')-XV,toward_resistant
MEM,gene__aph_4_Ia__37a4ead2ddca,-0.10178088175324067,aph(4)-Ia,toward_susceptible
MEM,gene__aph_6_Id__f94324227069,0.10539482375369347,aph(6)-Id,toward_resistant
MEM,gene__armA__1e3e7a5cbbf7,0.06049708348074306,armA,toward_resistant
MEM,gene__arr_2__3f94280a4461,0.1909569128110583,arr-2,toward_resistant
MEM,gene__arr_269927220__e45b2c03e53a,-0.060360757442618776,arr-269927220,toward_susceptible
MEM,gene__arr_3__3ee789662ef8,0.280668125751673,arr-3,toward_resistant
MEM,gene__arr_8_like__f42aa4ad0eab,-0.09660996088941216,arr-8-like,toward_susceptible
MEM,gene__blaCARB_2__24c64e94426d,-0.11149522016993275,blaCARB-2,toward_susceptible
MEM,gene__blaCMY_4__1b7453f819b2,-0.11281523532229894,blaCMY-4,toward_susceptible
MEM,gene__blaCTX_M_14__fc9c58acd0f5,0.6983173710209748,blaCTX-M-14,toward_resistant
MEM,gene__blaCTX_M_15__b1d9b9d47471,0.29671154672233174,blaCTX-M-15,toward_resistant
MEM,gene__blaCTX_M_3__3ded50be1fb4,-0.10442468267329275,blaCTX-M-3,toward_susceptible
MEM,gene__blaCTX_M_55__1df213c735c7,-0.08897954185845164,blaCTX-M-55,toward_susceptible
MEM,gene__blaDHA_1__e60f091f95c5,0.007818495732962678,blaDHA-1,toward_resistant
MEM,gene__blaFOX_5__8b528f2222bf,-0.04463240971658923,blaFOX-5,toward_susceptible
MEM,gene__blaGES_5__35846c68064b,-0.09660996088941216,blaGES-5,toward_susceptible
MEM,gene__blaIMP_15__80046691531c,0.0,blaIMP-15,none
MEM,gene__blaKPC_2__1215ec196a62,0.9837164222126231,blaKPC-2,toward_resistant
MEM,gene__blaKPC_3__4f23d51e3cfe,0.7825842470338333,blaKPC-3,toward_resistant
MEM,gene__blaNDM_1__47f592955a0b,0.8378837537824371,blaNDM-1,toward_resistant
MEM,gene__blaNDM_5__97581221d5db,0.0677460431460261,blaNDM-5,toward_resistant
MEM,gene__blaNDM_7__83931ed5221d,0.41368404704073086,blaNDM-7,toward_resistant
MEM,gene__blaOXA_1__33637d4ebdae,0.28209970563182973,blaOXA-1,toward_resistant
MEM,gene__blaOXA_10__c7efc8d7affe,-0.07198439417869543,blaOXA-10,toward_susceptible
MEM,gene__blaOXA_9__b5c8a779ea6c,0.1999915928682839,blaOXA-9,toward_resistant
MEM,gene__blaOXA_181__cb068f61c2a5,0.4081694170782322,blaOXA-181,toward_resistant
MEM,gene__blaOXA_232__dac1198d664c,0.6553202399429774,blaOXA-232,toward_resistant
MEM,gene__blaOXA_48__a80281b6de74,1.827890583025778,blaOXA-48,toward_resistant
MEM,gene__blaOXA_2__06018aa29e0a,0.37894437714640256,blaOXA-2,toward_resistant
MEM,gene__blaSHV_1__2856649d1151,-0.3657686618717464,blaSHV-1,toward_susceptible
MEM,gene__blaSHV_11__6cfbd3be8d6f,0.36249679630839704,blaSHV-11,toward_resistant
MEM,gene__blaSHV_119__8313292abae2,-0.0599900189858399,blaSHV-119,toward_susceptible
MEM,gene__blaSHV_142__712c82344f14,-0.14285210812379173,blaSHV-142,toward_susceptible
MEM,gene__blaSHV_168__2919af75fa14,-0.29145678923470164,blaSHV-168,toward_susceptible
MEM,gene__blaSHV_187__5da02ed84baa,-0.30744602269056875,blaSHV-187,toward_susceptible
MEM,gene__blaSHV_202__381586083ab1,-0.03905728059047276,blaSHV-202,toward_susceptible
MEM,gene__blaSHV_207__92e0baed85d1,-0.0599900189858399,blaSHV-207,toward_susceptible
MEM,gene__blaSHV_26__e7d7b216e895,-0.08385829428994453,blaSHV-26,toward_susceptible
MEM,gene__blaSHV_27__0faf55eb38a5,-0.4450460392641406,blaSHV-27,toward_susceptible
MEM,gene__blaSHV_28__848c9d283ddc,0.826467636916414,blaSHV-28,toward_resistant
MEM,gene__blaSHV_32__8f68dd883c23,-0.08897954185845164,blaSHV-32,toward_susceptible
MEM,gene__blaSHV_171__b46a6a5c3496,-0.05306211249343587,blaSHV-171,toward_susceptible
MEM,gene__blaSHV_36__de8aa5462be7,-0.0599900189858399,blaSHV-36,toward_susceptible
MEM,gene__blaSHV_52__3c738e9bcfdd,-0.15448085683544582,blaSHV-52,toward_susceptible
MEM,gene__blaSHV_60__82babea88ffe,-0.11420882969392915,blaSHV-60,toward_susceptible
MEM,gene__blaSHV_71__64710cc2e056,-0.15448085683544582,blaSHV-71,toward_susceptible
MEM,gene__blaSHV_75__8cfb7212ad81,-0.0599900189858399,blaSHV-75,toward_susceptible
MEM,gene__blaSHV_76__e4bc5c5d4260,-0.07954054743743827,blaSHV-76,toward_susceptible
MEM,gene__blaSHV_77__dd4db7d5427c,-0.0599900189858399,blaSHV-77,toward_susceptible
MEM,gene__blaSHV_5__766b16a665e3,0.37894437714640256,blaSHV-5,toward_resistant
MEM,gene__blaSHV_12__d89ed9fb6a79,-0.1319574083826895,blaSHV-12,toward_susceptible
MEM,gene__blaTEM_1__4f26c2c6a7cc,0.18985203590727243,blaTEM-1,toward_resistant
MEM,gene__blaVIM_1__b8633f36b0b4,0.5016204870673899,blaVIM-1,toward_resistant
MEM,gene__blaVIM_4__ed55a8109914,0.20360139563443566,blaVIM-4,toward_resistant
MEM,gene__catA1__660cc15104bb,0.3029451164160871,catA1,toward_resistant
MEM,gene__catA2__4347443d0785,0.29596722189525365,catA2,toward_resistant
MEM,gene__catB__4c7c8bd128b1,0.6033646809219598,catB,toward_resistant
MEM,gene__catB11__47750f628385,-0.04463240971658923,catB11,toward_susceptible
MEM,gene__catB2__9d488614d805,0.5016204870673899,catB2,toward_resistant
MEM,gene__catB3__bc428193ee96,0.004692621665870074,catB3,toward_resistant
MEM,gene__cmlA1__9fa4d895cb79,0.022589239633621628,cmlA1,toward_resistant
MEM,gene__cmlA5__e8c84368d378,-0.04716904237387323,cmlA5,toward_susceptible
MEM,gene__cmlA6__c45345700937,-0.04463240971658923,cmlA6,toward_susceptible
MEM,gene__dfr7__3de314457e0d,0.37894437714640256,dfr7,toward_resistant
MEM,gene__dfrA1__408cd02e6001,-0.06407923945826823,dfrA1,toward_susceptible
MEM,gene__dfrA12__c420466a1d49,0.602273850997793,dfrA12,toward_resistant
MEM,gene__dfrA14__a289266e0f01,0.002324383728048036,dfrA14,toward_resistant
MEM,gene__dfrA18__6dc5a8b3fa07,-0.02999496792424218,dfrA18,toward_susceptible
MEM,gene__dfrA19__e643d9e8c22f,-0.104993167159208,dfrA19,toward_susceptible
MEM,gene__dfrA27__1e67f448c6dd,0.18898135784140038,dfrA27,toward_resistant
MEM,gene__dfrA32__75c81905d551,-0.08897954185845164,dfrA32,toward_susceptible
MEM,gene__dfrA5__bdab96a3ae19,0.10338163197887175,dfrA5,toward_resistant
MEM,gene__dfrA7__abb2cd32375d,-0.16062737818146042,dfrA7,toward_susceptible
MEM,gene__dfrA8__c720609f7e1a,-0.12118617096499784,dfrA8,toward_susceptible
MEM,gene__erm_42__495068371c67,0.41368404704073086,erm(42),toward_resistant
MEM,gene__erm_B__25b1a1f314ce,-0.006539704046756084,erm(B),toward_susceptible
MEM,gene__ermC__1cc08102c15e,-0.10442468267329275,ermC,toward_susceptible
MEM,gene__floR__0150b5a65352,0.3245595713675631,floR,toward_resistant
MEM,gene__floR2__0d9f4cbd30dc,0.11900124237851457,floR2,toward_resistant
MEM,gene__fosA_gen__9f8699db5899,-0.8978688749802258,fosA_gen,toward_susceptible
MEM,gene__fosA5__20fcb919317e,-0.49738122371504584,fosA5,toward_susceptible
MEM,gene__fosA7__ca8d29f760ba,-0.14141117754273197,fosA7,toward_susceptible
MEM,gene__fosA7_3__9858be559cf3,-0.4781325830227244,fosA7.3,toward_susceptible
MEM,gene__mcr_1_1__cfcbc4d2489b,0.21417241231741385,mcr-1.1,toward_resistant
MEM,gene__mcr_8_1__c4b56e2f74fa,-0.08834906504929613,mcr-8.1,toward_susceptible
MEM,gene__mph_A__fd470d53e276,-0.03699274050963355,mph(A),toward_susceptible
MEM,gene__mph_B__d07c4a8ed0ae,-0.08834906504929613,mph(B),toward_susceptible
MEM,gene__mph_E__bbdc9db0677f,0.01586467376415382,mph(E),toward_resistant
MEM,gene__msr_E__bf31980dd0a7,0.01586467376415382,msr(E),toward_resistant
MEM,gene__qnrA1__1987f9bb8a71,-0.3735909455030353,qnrA1,toward_susceptible
MEM,gene__qnrB1__82385f8142c7,0.5311335411094021,qnrB1,toward_resistant
MEM,gene__qnrB19__f24b2e236d22,-0.051071399402124594,qnrB19,toward_susceptible
MEM,gene__qnrB4__a0abfc97db02,0.007818495732962678,qnrB4,toward_resistant
MEM,gene__qnrB6__68d60e35189d,-0.1687797608544745,qnrB6,toward_susceptible
MEM,gene__qnrB9__48a7c4a55798,-0.12614547835543322,qnrB9,toward_susceptible
MEM,gene__qnrS1__dd225cb6bb26,0.22749896255932964,qnrS1,toward_resistant
MEM,gene__rmtB1__206fbadc2706,0.11900124237851457,rmtB1,toward_resistant
MEM,gene__rmtF1__98fa5442507e,0.6033646809219598,rmtF1,toward_resistant
MEM,gene__rmtH__0b842a786976,-0.11281523532229894,rmtH,toward_susceptible
MEM,gene__sul1__f3335816df53,0.39888796678616967,sul1,toward_resistant
MEM,gene__sul2__691bb44fc37d,-0.4073620224859359,sul2,toward_susceptible
MEM,gene__sul3__c35f66389909,0.022589239633621628,sul3,toward_resistant
MEM,gene__tet_A__77c7af2b14d7,-0.7267856314854002,tet(A),toward_susceptible
MEM,gene__tet_B__e414ad27e773,0.21417241231741385,tet(B),toward_resistant
MEM,gene__tet_D__3c1d9fd570ce,0.12244217250206188,tet(D),toward_resistant
MEM,gene__tet_G__ff8069e4bb7d,0.11900124237851457,tet(G),toward_resistant
MEM,gene__tet_M__d76e29348b04,-0.08897954185845164,tet(M),toward_susceptible
MEM,gene__tet_X__9c42914df2c5,0.0,tet(X),none
MEM,variant__OmpK35_17__66f4c20ddacd,0.30140185866938934,OmpK35-17%,toward_resistant
MEM,variant__OmpK35_21__31dd4cc2c7ca,0.4411478276255636,OmpK35-21%,toward_resistant
MEM,variant__OmpK35_25__fd91e78b8b94,0.4779738329677478,OmpK35-25%,toward_resistant
MEM,variant__OmpK35_30__62c7989dcb3c,0.19519526384372765,OmpK35-30%,toward_resistant
MEM,variant__OmpK35_59__aa2f1c0ae1df,-0.3233264088707856,OmpK35-59%,toward_susceptible
MEM,variant__OmpK35_72__737848bea52e,0.29828210535322625,OmpK35-72%,toward_resistant
MEM,variant__OmpK35_76__298f13b13ce1,0.6223418293956461,OmpK35-76%,toward_resistant
MEM,variant__OmpK35_87__b0d3a2ebe702,0.11900124237851457,OmpK35-87%,toward_resistant
MEM,variant__OmpK36GD__a3b86b232e9f,0.9398344364442612,OmpK36GD,toward_resistant
MEM,variant__OmpK36TD__f8db20b567d2,0.4081694170782322,OmpK36TD,toward_resistant
MEM,variant__MgrB_0__31a2fe707ea6,0.30140185866938934,MgrB-0%,toward_resistant
MEM,variant__MgrB_32__0323946870fa,0.050314434446595634,MgrB-32%,toward_resistant
MEM,variant__MgrB_49__684df5ce7bab,0.0,MgrB-49%,none
MEM,variant__MgrB_51__fd69d10f80c0,0.15361211871260164,MgrB-51%,toward_resistant
MEM,variant__MgrB_53__ec8926a14680,0.12437012138686229,MgrB-53%,toward_resistant
MEM,variant__MgrB_89__851202355ac8,0.7193677510786086,MgrB-89%,toward_resistant
IPM,gene__aac_2_Iia__9c86f637dab6,-0.10427746120156595,aac(2')-Iia,toward_susceptible
IPM,gene__aac_3_IId__0ca553a3e15f,0.3460706575849771,aac(3)-IId,toward_resistant
IPM,gene__aac_3_IIe__0590cef7e34d,0.250470783291522,aac(3)-IIe,toward_resistant
IPM,gene__aac_3_IIg__f145d4456597,-0.06333777517213897,aac(3)-IIg,toward_susceptible
IPM,gene__aac_3_IVa__74bd15e0ab3f,-0.1073411968606315,aac(3)-IVa,toward_susceptible
IPM,gene__aac_6_Ib4__83a5f45c9699,0.77205786012356,aac(6')-Ib4,toward_resistant
IPM,gene__aac_6_Ib_AKT__5ca650df53c2,0.2317949442055806,aac(6')-Ib-AKT,toward_resistant
IPM,gene__aac_6_Ib__22bae5c8a74e,0.1593705826060147,aac(6')-Ib,toward_resistant
IPM,gene__aac_6_Ib_cr5__ec16b29386f5,0.3436819909834529,aac(6')-Ib-cr5,toward_resistant
IPM,gene__aac_6_Ib_G__566c8f5f56fc,0.1720161289163332,aac(6')-Ib-G,toward_resistant
IPM,gene__aac_6_IIc__5125879a4c57,-0.06333777517213897,aac(6')-IIc,toward_susceptible
IPM,gene__aac_6_Il__43e6a7176631,0.0,aac(6')-Il,none
IPM,gene__aadA1__15687b499fd6,0.551996220088182,aadA1,toward_resistant
IPM,gene__aadA16__3e668ce14552,0.32237359226078177,aadA16,toward_resistant
IPM,gene__aadA2__d33a4eec592a,0.3886147942360197,aadA2,toward_resistant
IPM,gene__ant_2_Ia__4f7da569764e,-0.12422796087302464,ant(2'')-Ia,toward_susceptible
IPM,gene__aph_3_Ia__3d72b1a8886b,-0.654505604016179,aph(3')-Ia,toward_susceptible
IPM,gene__aph_3_Ib__42354e4cc2ec,-0.06708302266164486,aph(3'')-Ib,toward_susceptible
IPM,gene__aph_3_VI__709faaabdc88,0.29549201395723146,aph(3')-VI,toward_resistant
IPM,gene__aph_3_Vib__d9a2b83d591e,0.0660832051127617,aph(3')-Vib,toward_resistant
IPM,gene__aph_3_XV__54118836b92b,0.49474547028290977,aph(3')-XV,toward_resistant
IPM,gene__aph_4_Ia__37a4ead2ddca,-0.1073411968606315,aph(4)-Ia,toward_susceptible
IPM,gene__aph_6_Id__f94324227069,-0.008420723303184824,aph(6)-Id,toward_susceptible
IPM,gene__armA__1e3e7a5cbbf7,0.058100573511392514,armA,toward_resistant
IPM,gene__arr_2__3f94280a4461,0.2547367429069751,arr-2,toward_resistant
IPM,gene__arr_269927220__e45b2c03e53a,-0.06333777517213897,arr-269927220,toward_susceptible
IPM,gene__arr_3__3ee789662ef8,0.4189356808336005,arr-3,toward_resistant
IPM,gene__arr_8_like__f42aa4ad0eab,-0.09273812252841779,arr-8-like,toward_susceptible
IPM,gene__blaCARB_2__24c64e94426d,-0.1166697065051553,blaCARB-2,toward_susceptible
IPM,gene__blaCMY_4__1b7453f819b2,-0.1003960705646434,blaCMY-4,toward_susceptible
IPM,gene__blaCTX_M_14__fc9c58acd0f5,0.6220342945431637,blaCTX-M-14,toward_resistant
IPM,gene__blaCTX_M_15__b1d9b9d47471,0.3446218470217333,blaCTX-M-15,toward_resistant
IPM,gene__blaCTX_M_3__3ded50be1fb4,-0.10959861142706274,blaCTX-M-3,toward_susceptible
IPM,gene__blaCTX_M_55__1df213c735c7,-0.09873273256708512,blaCTX-M-55,toward_susceptible
IPM,gene__blaDHA_1__e60f091f95c5,0.004253043493401687,blaDHA-1,toward_resistant
IPM,gene__blaFOX_5__8b528f2222bf,-0.042540796259208334,blaFOX-5,toward_susceptible
IPM,gene__blaGES_5__35846c68064b,-0.09273812252841779,blaGES-5,toward_susceptible
IPM,gene__blaIMP_15__80046691531c,0.2773123898406504,blaIMP-15,toward_resistant
IPM,gene__blaKPC_2__1215ec196a62,0.9801623212538058,blaKPC-2,toward_resistant
IPM,gene__blaKPC_3__4f23d51e3cfe,0.9310252829591581,blaKPC-3,toward_resistant
IPM,gene__blaNDM_1__47f592955a0b,1.0991670561977496,blaNDM-1,toward_resistant
IPM,gene__blaNDM_5__97581221d5db,0.15043984784979056,blaNDM-5,toward_resistant
IPM,gene__blaNDM_7__83931ed5221d,0.4431472953893388,blaNDM-7,toward_resistant
IPM,gene__blaOXA_1__33637d4ebdae,0.29598480674904576,blaOXA-1,toward_resistant
IPM,gene__blaOXA_10__c7efc8d7affe,-0.06771923385914863,blaOXA-10,toward_susceptible
IPM,gene__blaOXA_9__b5c8a779ea6c,0.1945725643362581,blaOXA-9,toward_resistant
IPM,gene__blaOXA_181__cb068f61c2a5,0.15043984784979056,blaOXA-181,toward_resistant
IPM,gene__blaOXA_232__dac1198d664c,0.23885252319551623,blaOXA-232,toward_resistant
IPM,gene__blaOXA_48__a80281b6de74,2.010000034235014,blaOXA-48,toward_resistant
IPM,gene__blaOXA_2__06018aa29e0a,0.4747510185287993,blaOXA-2,toward_resistant
IPM,gene__blaSHV_1__2856649d1151,-0.32814674113386333,blaSHV-1,toward_susceptible
IPM,gene__blaSHV_11__6cfbd3be8d6f,0.28826689286442386,blaSHV-11,toward_resistant
IPM,gene__blaSHV_119__8313292abae2,-0.06233768700954105,blaSHV-119,toward_susceptible
IPM,gene__blaSHV_142__712c82344f14,-0.15383923244324776,blaSHV-142,toward_susceptible
IPM,gene__blaSHV_168__2919af75fa14,-0.30035909401715216,blaSHV-168,toward_susceptible
IPM,gene__blaSHV_187__5da02ed84baa,-0.3047841949162767,blaSHV-187,toward_susceptible
IPM,gene__blaSHV_202__381586083ab1,-0.040705732171657405,blaSHV-202,toward_susceptible
IPM,gene__blaSHV_207__92e0baed85d1,-0.06233768700954105,blaSHV-207,toward_susceptible
IPM,gene__blaSHV_26__e7d7b216e895,-0.08113752942533195,blaSHV-26,toward_susceptible
IPM,gene__blaSHV_27__0faf55eb38a5,-0.4552257947490171,blaSHV-27,toward_susceptible
IPM,gene__blaSHV_28__848c9d283ddc,0.7370503747962157,blaSHV-28,toward_resistant
IPM,gene__blaSHV_32__8f68dd883c23,-0.09873273256708512,blaSHV-32,toward_susceptible
IPM,gene__blaSHV_171__b46a6a5c3496,-0.05563309077887428,blaSHV-171,toward_susceptible
IPM,gene__blaSHV_36__de8aa5462be7,-0.06233768700954105,blaSHV-36,toward_susceptible
IPM,gene__blaSHV_52__3c738e9bcfdd,-0.12354751638322387,blaSHV-52,toward_susceptible
IPM,gene__blaSHV_60__82babea88ffe,-0.1185044652231226,blaSHV-60,toward_susceptible
IPM,gene__blaSHV_71__64710cc2e056,-0.12354751638322387,blaSHV-71,toward_susceptible
IPM,gene__blaSHV_75__8cfb7212ad81,-0.06233768700954105,blaSHV-75,toward_susceptible
IPM,gene__blaSHV_76__e4bc5c5d4260,-0.0723233680808981,blaSHV-76,toward_susceptible
IPM,gene__blaSHV_77__dd4db7d5427c,-0.06233768700954105,blaSHV-77,toward_susceptible
IPM,gene__blaSHV_5__766b16a665e3,0.4747510185287993,blaSHV-5,toward_resistant
IPM,gene__blaSHV_12__d89ed9fb6a79,-0.13516802723940577,blaSHV-12,toward_susceptible
IPM,gene__blaTEM_1__4f26c2c6a7cc,0.24091474462734858,blaTEM-1,toward_resistant
IPM,gene__blaVIM_1__b8633f36b0b4,0.49474547028290977,blaVIM-1,toward_resistant
IPM,gene__blaVIM_4__ed55a8109914,0.0,blaVIM-4,none
IPM,gene__catA1__660cc15104bb,0.3383616716176831,catA1,toward_resistant
IPM,gene__catA2__4347443d0785,0.3424646695052749,catA2,toward_resistant
IPM,gene__catB__4c7c8bd128b1,0.3224559767661237,catB,toward_resistant
IPM,gene__catB11__47750f628385,-0.042540796259208334,catB11,toward_susceptible
IPM,gene__catB2__9d488614d805,0.49474547028290977,catB2,toward_resistant
IPM,gene__catB3__bc428193ee96,-0.08365726105893515,catB3,toward_susceptible
IPM,gene__cmlA1__9fa4d895cb79,0.009856912546549482,cmlA1,toward_resistant
IPM,gene__cmlA5__e8c84368d378,-0.03391239818494669,cmlA5,toward_susceptible
IPM,gene__cmlA6__c45345700937,-0.042540796259208334,cmlA6,toward_susceptible
IPM,gene__dfr7__3de314457e0d,0.4747510185287993,dfr7,toward_resistant
IPM,gene__dfrA1__408cd02e6001,0.010614196255968848,dfrA1,toward_resistant
IPM,gene__dfrA12__c420466a1d49,0.7171256387950743,dfrA12,toward_resistant
IPM,gene__dfrA14__a289266e0f01,0.055569451835118536,dfrA14,toward_resistant
IPM,gene__dfrA18__6dc5a8b3fa07,-0.03169522543736948,dfrA18,toward_susceptible
IPM,gene__dfrA19__e643d9e8c22f,-0.1058785714313473,dfrA19,toward_susceptible
IPM,gene__dfrA27__1e67f448c6dd,0.32237359226078177,dfrA27,toward_resistant
IPM,gene__dfrA32__75c81905d551,-0.09873273256708512,dfrA32,toward_susceptible
IPM,gene__dfrA5__bdab96a3ae19,0.10183444180784032,dfrA5,toward_resistant
IPM,gene__dfrA7__abb2cd32375d,-0.15554124725607849,dfrA7,toward_susceptible
IPM,gene__dfrA8__c720609f7e1a,-0.11933447405608316,dfrA8,toward_susceptible
IPM,gene__erm_42__495068371c67,0.4431472953893388,erm(42),toward_resistant
IPM,gene__erm_B__25b1a1f314ce,-0.028291292077783293,erm(B),toward_susceptible
IPM,gene__ermC__1cc08102c15e,-0.10959861142706274,ermC,toward_susceptible
IPM,gene__floR__0150b5a65352,0.21535155050479338,floR,toward_resistant
IPM,gene__floR2__0d9f4cbd30dc,0.11549400028801826,floR2,toward_resistant
IPM,gene__fosA_gen__9f8699db5899,-0.8512513658566708,fosA_gen,toward_susceptible
IPM,gene__fosA5__20fcb919317e,-0.5353158679650161,fosA5,toward_susceptible
IPM,gene__fosA7__ca8d29f760ba,-0.13217436867403415,fosA7,toward_susceptible
IPM,gene__fosA7_3__9858be559cf3,-0.4322935463089251,fosA7.3,toward_susceptible
IPM,gene__mcr_1_1__cfcbc4d2489b,0.23885252319551623,mcr-1.1,toward_resistant
IPM,gene__mcr_8_1__c4b56e2f74fa,-0.07654127789515987,mcr-8.1,toward_susceptible
IPM,gene__mph_A__fd470d53e276,-0.14967870923635898,mph(A),toward_susceptible
IPM,gene__mph_B__d07c4a8ed0ae,-0.07654127789515987,mph(B),toward_susceptible
IPM,gene__mph_E__bbdc9db0677f,0.015559777252184187,mph(E),toward_resistant
IPM,gene__msr_E__bf31980dd0a7,0.015559777252184187,msr(E),toward_resistant
IPM,gene__qnrA1__1987f9bb8a71,-0.3803149026714107,qnrA1,toward_susceptible
IPM,gene__qnrB1__82385f8142c7,0.5376789536400455,qnrB1,toward_resistant
IPM,gene__qnrB19__f24b2e236d22,-0.051886943514109836,qnrB19,toward_susceptible
IPM,gene__qnrB4__a0abfc97db02,0.004253043493401687,qnrB4,toward_resistant
IPM,gene__qnrB6__68d60e35189d,0.08472586416680476,qnrB6,toward_resistant
IPM,gene__qnrB9__48a7c4a55798,-0.10099977357537396,qnrB9,toward_susceptible
IPM,gene__qnrS1__dd225cb6bb26,0.2230117674882489,qnrS1,toward_resistant
IPM,gene__rmtB1__206fbadc2706,0.11549400028801826,rmtB1,toward_resistant
IPM,gene__rmtF1__98fa5442507e,0.3224559767661237,rmtF1,toward_resistant
IPM,gene__rmtH__0b842a786976,-0.1003960705646434,rmtH,toward_susceptible
IPM,gene__sul1__f3335816df53,0.4952780000153665,sul1,toward_resistant
IPM,gene__sul2__691bb44fc37d,-0.4311766545619106,sul2,toward_susceptible
IPM,gene__sul3__c35f66389909,0.009856912546549482,sul3,toward_resistant
IPM,gene__tet_A__77c7af2b14d7,-0.6195722742616867,tet(A),toward_susceptible
IPM,gene__tet_B__e414ad27e773,0.23885252319551623,tet(B),toward_resistant
IPM,gene__tet_D__3c1d9fd570ce,0.09268691102818687,tet(D),toward_resistant
IPM,gene__tet_G__ff8069e4bb7d,0.11549400028801826,tet(G),toward_resistant
IPM,gene__tet_M__d76e29348b04,-0.09873273256708512,tet(M),toward_susceptible
IPM,gene__tet_X__9c42914df2c5,0.2773123898406504,tet(X),toward_resistant
IPM,variant__OmpK35_17__66f4c20ddacd,0.3542943318340616,OmpK35-17%,toward_resistant
IPM,variant__OmpK35_21__31dd4cc2c7ca,0.0,OmpK35-21%,none
IPM,variant__OmpK35_25__fd91e78b8b94,0.4711412563494538,OmpK35-25%,toward_resistant
IPM,variant__OmpK35_30__62c7989dcb3c,0.1720161289163332,OmpK35-30%,toward_resistant
IPM,variant__OmpK35_59__aa2f1c0ae1df,-0.33761146545980086,OmpK35-59%,toward_susceptible
IPM,variant__OmpK35_72__737848bea52e,0.3073524537428805,OmpK35-72%,toward_resistant
IPM,variant__OmpK35_76__298f13b13ce1,0.3892923710453068,OmpK35-76%,toward_resistant
IPM,variant__OmpK35_87__b0d3a2ebe702,0.11549400028801826,OmpK35-87%,toward_resistant
IPM,variant__OmpK36GD__a3b86b232e9f,0.556153114268976,OmpK36GD,toward_resistant
IPM,variant__OmpK36TD__f8db20b567d2,0.15043984784979056,OmpK36TD,toward_resistant
IPM,variant__MgrB_0__31a2fe707ea6,0.3542943318340616,MgrB-0%,toward_resistant
IPM,variant__MgrB_32__0323946870fa,0.0660832051127617,MgrB-32%,toward_resistant
IPM,variant__MgrB_49__684df5ce7bab,0.0,MgrB-49%,none
IPM,variant__MgrB_51__fd69d10f80c0,0.1593705826060147,MgrB-51%,toward_resistant
IPM,variant__MgrB_53__ec8926a14680,0.11719810940718098,MgrB-53%,toward_resistant
IPM,variant__MgrB_89__851202355ac8,0.4747510185287993,MgrB-89%,toward_resistant
