antibiotic,model,isolate_id,fold,y_true,y_prob,threshold,y_pred
TOB,logistic_regression,13726,4,0,0.14152497226386304,0.31999999999999995,0
TOB,logistic_regression,13761,4,1,0.9112768596688129,0.31999999999999995,1
TOB,logistic_regression,13768,0,1,0.9119698278417894,0.24999999999999994,1
TOB,logistic_regression,14444,2,0,0.07676945509986997,0.4499999999999999,0
TOB,logistic_regression,15219,4,1,0.1755040714419874,0.31999999999999995,0
TOB,logistic_regression,15687,1,1,0.9120973118544099,0.30999999999999994,1
TOB,logistic_regression,15882,2,0,0.07685269131842726,0.4499999999999999,0
TOB,logistic_regression,15937,4,0,0.11796165950405449,0.31999999999999995,0
TOB,logistic_regression,16008,3,0,0.17382357922975408,0.31999999999999995,0
TOB,logistic_regression,16233,4,0,0.0824248233400946,0.31999999999999995,0
TOB,logistic_regression,18411,0,0,0.07621858357250538,0.24999999999999994,0
TOB,logistic_regression,19073,1,0,0.6543589064945697,0.30999999999999994,1
TOB,logistic_regression,1912,0,0,0.10598633500354394,0.24999999999999994,0
TOB,logistic_regression,20522,1,1,0.8878650041941274,0.30999999999999994,1
TOB,logistic_regression,21304,0,0,0.09888380580526798,0.24999999999999994,0
TOB,logistic_regression,22232,1,1,0.9518712764025834,0.30999999999999994,1
TOB,logistic_regression,22265,3,1,0.2450466989890775,0.31999999999999995,0
TOB,logistic_regression,25107,0,0,0.14388566698261432,0.24999999999999994,0
TOB,logistic_regression,25112,2,0,0.06699064703682532,0.4499999999999999,0
TOB,logistic_regression,25616,3,0,0.148236914437294,0.31999999999999995,0
TOB,logistic_regression,25947,2,0,0.05705189588080979,0.4499999999999999,0
TOB,logistic_regression,27106,1,0,0.06796601785313684,0.30999999999999994,0
TOB,logistic_regression,27778,0,1,0.601057614274725,0.24999999999999994,1
TOB,logistic_regression,27989,4,1,0.9453628918148982,0.31999999999999995,1
TOB,logistic_regression,28183,4,1,0.7074896933650804,0.31999999999999995,1
TOB,logistic_regression,28880,1,0,0.16587776690287392,0.30999999999999994,0
TOB,logistic_regression,28887,4,0,0.08783560940923937,0.31999999999999995,0
TOB,logistic_regression,28893,1,0,0.07229372278107976,0.30999999999999994,0
TOB,logistic_regression,365679,3,1,0.9047030761913262,0.31999999999999995,1
TOB,logistic_regression,366562,2,1,0.5041060242401812,0.4499999999999999,1
TOB,logistic_regression,368001,2,1,0.9964349595382398,0.4499999999999999,1
TOB,logistic_regression,368320,3,1,0.9798650458626535,0.31999999999999995,1
TOB,logistic_regression,371351,2,1,0.2608953529936785,0.4499999999999999,0
TOB,logistic_regression,374613,0,0,0.11563704092090185,0.24999999999999994,0
TOB,logistic_regression,375436,1,0,0.15898789687281525,0.30999999999999994,0
TOB,logistic_regression,380979,4,0,0.08151988110255805,0.31999999999999995,0
TOB,logistic_regression,401050,3,0,0.45861412633653187,0.31999999999999995,1
TOB,logistic_regression,4111,2,0,0.08820520195948715,0.4499999999999999,0
TOB,logistic_regression,430405,2,1,0.7672556314877519,0.4499999999999999,1
TOB,logistic_regression,450199,0,0,0.20218366072340233,0.24999999999999994,0
TOB,logistic_regression,468268,3,0,0.5013617338508718,0.31999999999999995,1
TOB,logistic_regression,4759,3,0,0.2524719885394332,0.31999999999999995,0
TOB,logistic_regression,479404,3,1,0.8737551929099101,0.31999999999999995,1
TOB,logistic_regression,4815,0,0,0.07462300652678976,0.24999999999999994,0
TOB,logistic_regression,499958,2,1,0.9378533720855606,0.4499999999999999,1
TOB,logistic_regression,511348,1,1,0.9470859274465556,0.30999999999999994,1
TOB,logistic_regression,513382,1,0,0.08618302921319845,0.30999999999999994,0
TOB,logistic_regression,515247,0,1,0.7047039306584982,0.24999999999999994,1
TOB,logistic_regression,515432,4,1,0.49307229683507303,0.31999999999999995,1
TOB,logistic_regression,517281,4,1,0.6268928893720324,0.31999999999999995,1
TOB,logistic_regression,518712,3,0,0.4204701294455834,0.31999999999999995,1
TOB,logistic_regression,526410,3,1,0.9826435505597875,0.31999999999999995,1
TOB,logistic_regression,539414,2,1,0.8703294253845618,0.4499999999999999,1
TOB,logistic_regression,546733,4,1,0.9572681682624391,0.31999999999999995,1
TOB,logistic_regression,5613,1,1,0.938446896223146,0.30999999999999994,1
TOB,logistic_regression,562722,0,0,0.08801232556623788,0.24999999999999994,0
TOB,logistic_regression,564304,4,1,0.8437733156731028,0.31999999999999995,1
TOB,logistic_regression,572640,4,0,0.06949143542510446,0.31999999999999995,0
TOB,logistic_regression,581745,0,1,0.4403128208730212,0.24999999999999994,1
TOB,logistic_regression,583114,2,0,0.8247177524816546,0.4499999999999999,1
TOB,logistic_regression,583141,1,1,0.9499746023827564,0.30999999999999994,1
TOB,logistic_regression,5881,0,1,0.9671075752272446,0.24999999999999994,1
TOB,logistic_regression,591344,0,0,0.07621858357250538,0.24999999999999994,0
TOB,logistic_regression,599975,3,1,0.9387039745018179,0.31999999999999995,1
TOB,logistic_regression,6031,1,1,0.9347320085500037,0.30999999999999994,1
TOB,logistic_regression,607210,0,1,0.4612456658990121,0.24999999999999994,1
TOB,logistic_regression,613682,3,1,0.9932067238752006,0.31999999999999995,1
TOB,logistic_regression,614201,3,0,0.22913804435316978,0.31999999999999995,0
TOB,logistic_regression,669448,2,1,0.9604369609654831,0.4499999999999999,1
TOB,logistic_regression,672476,2,0,0.07557975743277368,0.4499999999999999,0
TOB,logistic_regression,676980,3,0,0.08643575372104449,0.31999999999999995,0
TOB,logistic_regression,6778,0,1,0.9645757401199228,0.24999999999999994,1
TOB,logistic_regression,680172,1,0,0.14473921280486335,0.30999999999999994,0
TOB,logistic_regression,699478,2,0,0.058549103719299375,0.4499999999999999,0
TOB,logistic_regression,699654,1,0,0.06121101612054403,0.30999999999999994,0
TOB,logistic_regression,702261,3,1,0.949901692170964,0.31999999999999995,1
TOB,logistic_regression,702325,4,0,0.14287184313391732,0.31999999999999995,0
TOB,logistic_regression,7076,1,1,0.9441066743334958,0.30999999999999994,1
TOB,logistic_regression,730567,2,0,0.08820520195948715,0.4499999999999999,0
TOB,logistic_regression,731029,0,0,0.16431450538434345,0.24999999999999994,0
TOB,logistic_regression,736213,4,0,0.08783560940923937,0.31999999999999995,0
TOB,logistic_regression,740795,1,1,0.6940691056845917,0.30999999999999994,1
TOB,logistic_regression,742743,1,0,0.23869685722145492,0.30999999999999994,0
TOB,logistic_regression,750877,3,0,0.07827926217395954,0.31999999999999995,0
TOB,logistic_regression,750999,4,0,0.1854390305848782,0.31999999999999995,0
TOB,logistic_regression,752729,2,1,0.964355722216718,0.4499999999999999,1
TOB,logistic_regression,761403,0,1,0.9800535839467889,0.24999999999999994,1
FEP,logistic_regression,13726,4,0,0.27726987039949436,0.48999999999999994,0
FEP,logistic_regression,13748,2,1,0.7533285729698083,0.57,1
FEP,logistic_regression,13761,3,1,0.991416719454013,0.43999999999999995,1
FEP,logistic_regression,13768,0,1,0.7320978979255223,0.4099999999999999,1
FEP,logistic_regression,14444,2,0,0.10995057898544199,0.57,0
FEP,logistic_regression,15219,2,0,0.2691451254076856,0.57,0
FEP,logistic_regression,15687,4,1,0.8359011790698766,0.48999999999999994,1
FEP,logistic_regression,15882,4,0,0.08639183664711603,0.48999999999999994,0
FEP,logistic_regression,15937,3,0,0.37163009092543303,0.43999999999999995,0
FEP,logistic_regression,16008,4,0,0.24912602646318277,0.48999999999999994,0
FEP,logistic_regression,16233,0,0,0.052865336168365126,0.4099999999999999,0
FEP,logistic_regression,18411,1,0,0.057930716036549534,0.36999999999999994,0
FEP,logistic_regression,19073,4,1,0.8612392254615279,0.48999999999999994,1
FEP,logistic_regression,1912,0,0,0.1206148847284113,0.4099999999999999,0
FEP,logistic_regression,20522,3,1,0.9339281363398674,0.43999999999999995,1
FEP,logistic_regression,21304,0,0,0.11324176882677124,0.4099999999999999,0
FEP,logistic_regression,21352,2,1,0.9727696434305417,0.57,1
FEP,logistic_regression,22232,4,1,0.9737385613085081,0.48999999999999994,1
FEP,logistic_regression,22265,0,0,0.10581294507497617,0.4099999999999999,0
FEP,logistic_regression,25107,3,0,0.16887849439078897,0.43999999999999995,0
FEP,logistic_regression,25112,3,0,0.08469733624024146,0.43999999999999995,0
FEP,logistic_regression,25616,2,0,0.10905510527272311,0.57,0
FEP,logistic_regression,25947,1,0,0.18708679949507154,0.36999999999999994,0
FEP,logistic_regression,27106,1,0,0.05600979602355359,0.36999999999999994,0
FEP,logistic_regression,27778,0,1,0.6863544293145339,0.4099999999999999,1
FEP,logistic_regression,27989,0,1,0.9666008795866214,0.4099999999999999,1
FEP,logistic_regression,28183,4,0,0.856719284855483,0.48999999999999994,1
FEP,logistic_regression,28866,1,0,0.20735751084830975,0.36999999999999994,0
FEP,logistic_regression,28880,1,0,0.4082084033137081,0.36999999999999994,1
FEP,logistic_regression,28887,1,0,0.11223965441688027,0.36999999999999994,0
FEP,logistic_regression,28893,3,0,0.06927740911177721,0.43999999999999995,0
FEP,logistic_regression,365679,1,1,0.8760639817248912,0.36999999999999994,1
FEP,logistic_regression,366562,2,1,0.9239393871683794,0.57,1
FEP,logistic_regression,368001,4,1,0.9783043336359961,0.48999999999999994,1
FEP,logistic_regression,368320,3,1,0.993504234682223,0.43999999999999995,1
FEP,logistic_regression,371351,2,0,0.593442735586997,0.57,1
FEP,logistic_regression,375436,1,1,0.31352684667673875,0.36999999999999994,0
FEP,logistic_regression,380979,0,0,0.09715740214224391,0.4099999999999999,0
FEP,logistic_regression,401050,3,0,0.3384869500129163,0.43999999999999995,0
FEP,logistic_regression,410359,0,1,0.9900944612803363,0.4099999999999999,1
FEP,logistic_regression,4111,4,0,0.10610528561445275,0.48999999999999994,0
FEP,logistic_regression,414780,4,1,0.8529082842822757,0.48999999999999994,1
FEP,logistic_regression,430405,2,1,0.5930334952069304,0.57,1
FEP,logistic_regression,430414,1,1,0.9849708616904391,0.36999999999999994,1
FEP,logistic_regression,450199,0,0,0.21654209481601477,0.4099999999999999,0
FEP,logistic_regression,468268,2,1,0.7567119575144967,0.57,1
FEP,logistic_regression,4759,1,0,0.5479546450972826,0.36999999999999994,1
FEP,logistic_regression,479404,1,1,0.6676418677443188,0.36999999999999994,1
FEP,logistic_regression,499958,2,1,0.9750304476737989,0.57,1
FEP,logistic_regression,511348,2,1,0.974200394183187,0.57,1
FEP,logistic_regression,513382,3,0,0.10432525031443118,0.43999999999999995,0
FEP,logistic_regression,515247,3,1,0.9333211547829786,0.43999999999999995,1
FEP,logistic_regression,515432,1,1,0.7757316463987303,0.36999999999999994,1
FEP,logistic_regression,516635,1,1,0.9518238142239892,0.36999999999999994,1
FEP,logistic_regression,517281,3,1,0.8260570677453162,0.43999999999999995,1
FEP,logistic_regression,518712,3,1,0.6453370720642209,0.43999999999999995,1
FEP,logistic_regression,526410,0,1,0.9940327190289894,0.4099999999999999,1
FEP,logistic_regression,539414,3,1,0.953080572896189,0.43999999999999995,1
FEP,logistic_regression,546733,1,1,0.9859040095206358,0.36999999999999994,1
FEP,logistic_regression,560539,4,1,0.4310833254973364,0.48999999999999994,0
FEP,logistic_regression,5613,1,1,0.9898252033243736,0.36999999999999994,1
FEP,logistic_regression,562722,0,0,0.10601980590886306,0.4099999999999999,0
FEP,logistic_regression,564304,2,1,0.9711941972000364,0.57,1
FEP,logistic_regression,572640,4,0,0.17088108522917592,0.48999999999999994,0
FEP,logistic_regression,5741,2,0,0.18257510993457893,0.57,0
FEP,logistic_regression,581745,3,1,0.9632236803029761,0.43999999999999995,1
FEP,logistic_regression,582610,0,1,0.9705207383845167,0.4099999999999999,1
FEP,logistic_regression,583114,0,0,0.889711663074485,0.4099999999999999,1
FEP,logistic_regression,583141,4,1,0.9832504097401891,0.48999999999999994,1
FEP,logistic_regression,5881,4,1,0.9712888372784945,0.48999999999999994,1
FEP,logistic_regression,591344,3,0,0.06927740911177721,0.43999999999999995,0
FEP,logistic_regression,599975,3,1,0.9692109974166243,0.43999999999999995,1
FEP,logistic_regression,6031,1,1,0.9845951183605567,0.36999999999999994,1
FEP,logistic_regression,607210,4,1,0.4480657636338543,0.48999999999999994,0
FEP,logistic_regression,613682,3,1,0.9956405831427508,0.43999999999999995,1
FEP,logistic_regression,614201,0,1,0.508252433885886,0.4099999999999999,1
FEP,logistic_regression,669448,4,1,0.9752993803990817,0.48999999999999994,1
FEP,logistic_regression,669510,0,1,0.1295144469172304,0.4099999999999999,0
FEP,logistic_regression,672476,2,0,0.08120142839730733,0.57,0
FEP,logistic_regression,676980,3,0,0.11448310808561508,0.43999999999999995,0
FEP,logistic_regression,6778,2,1,0.9869321068571076,0.57,1
FEP,logistic_regression,680172,1,0,0.10255364141662744,0.36999999999999994,0
FEP,logistic_regression,681054,1,1,0.9952906249508336,0.36999999999999994,1
FEP,logistic_regression,699478,2,0,0.15566485978662428,0.57,0
FEP,logistic_regression,699654,2,0,0.15566485978662428,0.57,0
FEP,logistic_regression,702261,0,1,0.9557696532507507,0.4099999999999999,1
FEP,logistic_regression,702325,4,0,0.16129597004994214,0.48999999999999994,0
FEP,logistic_regression,7076,2,1,0.9605861381168386,0.57,1
FEP,logistic_regression,728987,0,1,0.5012416079007113,0.4099999999999999,1
FEP,logistic_regression,730567,2,0,0.12470130146811381,0.57,0
FEP,logistic_regression,731029,4,1,0.5571095719600732,0.48999999999999994,1
FEP,logistic_regression,736213,0,0,0.10601980590886306,0.4099999999999999,0
FEP,logistic_regression,740795,1,1,0.9056107011157056,0.36999999999999994,1
FEP,logistic_regression,742743,1,0,0.279831794143527,0.36999999999999994,0
FEP,logistic_regression,750877,3,0,0.06927740911177721,0.43999999999999995,0
FEP,logistic_regression,750999,4,0,0.13110703382515562,0.48999999999999994,0
FEP,logistic_regression,752729,2,1,0.9743349657443267,0.57,1
FEP,logistic_regression,761403,0,1,0.7332408058583535,0.4099999999999999,1
TET,logistic_regression,13726,1,1,0.6628614361796339,0.5499999999999999,1
TET,logistic_regression,13748,4,1,0.9842672152587127,0.38999999999999996,1
TET,logistic_regression,13761,4,1,0.9439142386356508,0.38999999999999996,1
TET,logistic_regression,13768,1,1,0.38908917907575674,0.5499999999999999,0
TET,logistic_regression,14444,4,1,0.8057847568012495,0.38999999999999996,1
TET,logistic_regression,15219,0,1,0.8590489224010307,0.5399999999999999,1
TET,logistic_regression,15687,3,0,0.4524891412210101,0.49999999999999994,0
TET,logistic_regression,15882,1,1,0.1587902181656189,0.5499999999999999,0
TET,logistic_regression,15937,4,1,0.5964939330165248,0.38999999999999996,1
TET,logistic_regression,16008,0,0,0.25417721216443917,0.5399999999999999,0
TET,logistic_regression,16233,3,0,0.36455200771572677,0.49999999999999994,0
TET,logistic_regression,19073,0,1,0.8368143469259623,0.5399999999999999,1
TET,logistic_regression,1912,1,0,0.19799083376619417,0.5499999999999999,0
TET,logistic_regression,20522,2,1,0.8859238940612643,0.48999999999999994,1
TET,logistic_regression,21304,1,1,0.5582599280138307,0.5499999999999999,1
TET,logistic_regression,21352,2,0,0.7363313113964889,0.48999999999999994,1
TET,logistic_regression,22232,0,1,0.8229889571337492,0.5399999999999999,1
TET,logistic_regression,22265,0,0,0.07832688996662508,0.5399999999999999,0
TET,logistic_regression,25107,2,1,0.5081209247470458,0.48999999999999994,1
TET,logistic_regression,25112,3,0,0.3981905563012545,0.49999999999999994,0
TET,logistic_regression,25616,0,1,0.5092380418254706,0.5399999999999999,0
TET,logistic_regression,25947,2,0,0.3354952991922476,0.48999999999999994,0
TET,logistic_regression,27106,1,0,0.15826810136899855,0.5499999999999999,0
TET,logistic_regression,27989,3,1,0.9727581324500154,0.49999999999999994,1
TET,logistic_regression,28183,0,1,0.8004248179801556,0.5399999999999999,1
TET,logistic_regression,28866,3,1,0.11805858080085298,0.49999999999999994,0
TET,logistic_regression,28880,2,0,0.36567256922439767,0.48999999999999994,0
TET,logistic_regression,28887,0,0,0.2398345926075955,0.5399999999999999,0
TET,logistic_regression,28893,4,0,0.34433393726631756,0.38999999999999996,0
TET,logistic_regression,365679,2,1,0.46997333548362324,0.48999999999999994,0
TET,logistic_regression,366562,4,1,0.7690878402338773,0.38999999999999996,1
TET,logistic_regression,368001,1,0,0.39938317785023936,0.5499999999999999,0
TET,logistic_regression,368320,3,1,0.953031631666283,0.49999999999999994,1
TET,logistic_regression,371351,2,0,0.7142552445367198,0.48999999999999994,1
TET,logistic_regression,374613,4,1,0.9137602110856674,0.38999999999999996,1
TET,logistic_regression,375436,4,0,0.5481481834258434,0.38999999999999996,1
TET,logistic_regression,380979,4,0,0.20001644404907792,0.38999999999999996,0
TET,logistic_regression,401050,4,0,0.7551195511493368,0.38999999999999996,1
TET,logistic_regression,410359,1,1,0.8573205388780802,0.5499999999999999,1
TET,logistic_regression,4111,1,0,0.19939639929807787,0.5499999999999999,0
TET,logistic_regression,414780,0,1,0.5878729714378682,0.5399999999999999,1
TET,logistic_regression,430414,1,1,0.5000040574988073,0.5499999999999999,0
TET,logistic_regression,450199,2,1,0.8521334905652186,0.48999999999999994,1
TET,logistic_regression,468268,3,1,0.8887660505617203,0.49999999999999994,1
TET,logistic_regression,4759,1,0,0.562340668661414,0.5499999999999999,1
TET,logistic_regression,479404,2,1,0.38455233729513366,0.48999999999999994,0
TET,logistic_regression,4815,1,1,0.9479579454806658,0.5499999999999999,1
TET,logistic_regression,499958,0,1,0.8620459506879006,0.5399999999999999,1
TET,logistic_regression,511348,4,0,0.5157597112357951,0.38999999999999996,1
TET,logistic_regression,513382,3,0,0.19042881024286154,0.49999999999999994,0
TET,logistic_regression,515247,4,1,0.4991798524633114,0.38999999999999996,1
TET,logistic_regression,515432,4,0,0.7587638646030352,0.38999999999999996,1
TET,logistic_regression,516635,2,1,0.8110777529558075,0.48999999999999994,1
TET,logistic_regression,517281,2,1,0.4867393955864815,0.48999999999999994,0
TET,logistic_regression,518712,3,0,0.4255327038507716,0.49999999999999994,0
TET,logistic_regression,526410,3,1,0.964149543399398,0.49999999999999994,1
TET,logistic_regression,539414,2,1,0.9470058639643143,0.48999999999999994,1
TET,logistic_regression,546733,4,1,0.8983669114566932,0.38999999999999996,1
TET,logistic_regression,560539,0,1,0.993537082754554,0.5399999999999999,1
TET,logistic_regression,5613,1,1,0.9154099824874966,0.5499999999999999,1
TET,logistic_regression,562722,1,0,0.19939639929807787,0.5499999999999999,0
TET,logistic_regression,564304,0,1,0.8915333853481945,0.5399999999999999,1
TET,logistic_regression,572640,3,1,0.16748090723492529,0.49999999999999994,0
TET,logistic_regression,5741,2,0,0.0932137622960603,0.48999999999999994,0
TET,logistic_regression,581745,3,1,0.8249551219907556,0.49999999999999994,1
TET,logistic_regression,582610,3,1,0.8132415144711926,0.49999999999999994,1
TET,logistic_regression,583114,2,1,0.662757810344614,0.48999999999999994,1
TET,logistic_regression,583141,3,1,0.9799680897907052,0.49999999999999994,1
TET,logistic_regression,5881,0,1,0.8823208819691669,0.5399999999999999,1
TET,logistic_regression,591344,2,1,0.25917526819889847,0.48999999999999994,0
TET,logistic_regression,599975,1,1,0.8555497282509734,0.5499999999999999,1
TET,logistic_regression,6031,4,1,0.8651153110561309,0.38999999999999996,1
TET,logistic_regression,607210,3,0,0.1309083945303729,0.49999999999999994,0
TET,logistic_regression,613682,1,1,0.9119518718179231,0.5499999999999999,1
TET,logistic_regression,614201,4,0,0.2976001449696393,0.38999999999999996,0
TET,logistic_regression,669510,1,0,0.2199738709311035,0.5499999999999999,0
TET,logistic_regression,672476,2,0,0.25917526819889847,0.48999999999999994,0
TET,logistic_regression,676980,0,0,0.2398345926075955,0.5399999999999999,0
TET,logistic_regression,6778,3,0,0.9604214112328399,0.49999999999999994,1
TET,logistic_regression,680172,4,0,0.2551774077037498,0.38999999999999996,0
TET,logistic_regression,681054,0,1,0.9056985481906629,0.5399999999999999,1
TET,logistic_regression,699478,0,0,0.29777215505429416,0.5399999999999999,0
TET,logistic_regression,699654,2,0,0.2673157543402851,0.48999999999999994,0
TET,logistic_regression,702261,3,1,0.96743707864711,0.49999999999999994,1
TET,logistic_regression,702325,1,1,0.7224242999080636,0.5499999999999999,1
TET,logistic_regression,7076,2,1,0.9604695866877307,0.48999999999999994,1
TET,logistic_regression,728987,4,1,0.8142022412379325,0.38999999999999996,1
TET,logistic_regression,730567,1,0,0.19939639929807787,0.5499999999999999,0
TET,logistic_regression,731029,3,1,0.8324809706688491,0.49999999999999994,1
TET,logistic_regression,736213,4,0,0.23394400374318688,0.38999999999999996,0
TET,logistic_regression,740795,0,0,0.5563537816920091,0.5399999999999999,1
TET,logistic_regression,742743,0,0,0.26402520410551045,0.5399999999999999,0
TET,logistic_regression,750877,3,0,0.36455200771572677,0.49999999999999994,0
TET,logistic_regression,750999,2,0,0.24043390930680386,0.48999999999999994,0
TET,logistic_regression,752729,0,0,0.28731546581409056,0.5399999999999999,0
CAZ,logistic_regression,13726,2,0,0.38560971925556553,0.3499999999999999,1
CAZ,logistic_regression,13768,2,1,0.8158916058824698,0.3499999999999999,1
CAZ,logistic_regression,14444,1,0,0.30563597599922077,0.6399999999999999,0
CAZ,logistic_regression,15219,3,1,0.499895478777658,0.24,1
CAZ,logistic_regression,15687,0,1,0.8908587285524604,0.49999999999999994,1
CAZ,logistic_regression,15882,0,0,0.11242200525639547,0.49999999999999994,0
CAZ,logistic_regression,15937,3,0,0.5727910502307608,0.24,1
CAZ,logistic_regression,16008,4,0,0.37330055004414187,0.38999999999999996,0
CAZ,logistic_regression,16233,3,0,0.0688160454001838,0.24,0
CAZ,logistic_regression,18411,0,0,0.07342616593595315,0.49999999999999994,0
CAZ,logistic_regression,19073,4,1,0.9189094078758537,0.38999999999999996,1
CAZ,logistic_regression,1912,3,0,0.33337848728687547,0.24,1
CAZ,logistic_regression,20522,3,1,0.9097215584969279,0.24,1
CAZ,logistic_regression,21304,3,0,0.11639858446060437,0.24,0
CAZ,logistic_regression,22232,3,1,0.9914760862385168,0.24,1
CAZ,logistic_regression,22265,3,1,0.5589999168523619,0.24,1
CAZ,logistic_regression,25107,2,0,0.16982228407205788,0.3499999999999999,0
CAZ,logistic_regression,25112,1,0,0.12098689934631203,0.6399999999999999,0
CAZ,logistic_regression,25616,1,0,0.2531592107146755,0.6399999999999999,0
CAZ,logistic_regression,25947,1,0,0.11654586901229892,0.6399999999999999,0
CAZ,logistic_regression,27106,4,0,0.11191199690904277,0.38999999999999996,0
CAZ,logistic_regression,27778,3,1,0.9644877153368595,0.24,1
CAZ,logistic_regression,27989,0,1,0.9794255728582351,0.49999999999999994,1
CAZ,logistic_regression,28183,0,1,0.9358363570886428,0.49999999999999994,1
CAZ,logistic_regression,28866,1,0,0.42903040360547573,0.6399999999999999,0
CAZ,logistic_regression,28880,2,0,0.2710883932695856,0.3499999999999999,0
CAZ,logistic_regression,28887,0,0,0.14843390438447152,0.49999999999999994,0
CAZ,logistic_regression,28893,4,0,0.07019705187808577,0.38999999999999996,0
CAZ,logistic_regression,365679,4,1,0.9085215990341584,0.38999999999999996,1
CAZ,logistic_regression,366562,2,1,0.9107430589052113,0.3499999999999999,1
CAZ,logistic_regression,368001,1,1,0.992725501429114,0.6399999999999999,1
CAZ,logistic_regression,368320,0,1,0.9960148264457543,0.49999999999999994,1
CAZ,logistic_regression,371351,2,1,0.6606319780514974,0.3499999999999999,1
CAZ,logistic_regression,374613,2,1,0.8162323991459532,0.3499999999999999,1
CAZ,logistic_regression,375436,1,1,0.3798813345123638,0.6399999999999999,0
CAZ,logistic_regression,380979,0,0,0.1324583790344598,0.49999999999999994,0
CAZ,logistic_regression,401050,1,0,0.6502294822090463,0.6399999999999999,1
CAZ,logistic_regression,410359,2,1,0.995628356813303,0.3499999999999999,1
CAZ,logistic_regression,4111,0,0,0.14843390438447152,0.49999999999999994,0
CAZ,logistic_regression,414780,4,1,0.8983094708867301,0.38999999999999996,1
CAZ,logistic_regression,430405,2,1,0.8281719694419021,0.3499999999999999,1
CAZ,logistic_regression,430414,3,1,0.9982423070343547,0.24,1
CAZ,logistic_regression,450199,3,0,0.26180998212428497,0.24,1
CAZ,logistic_regression,468268,1,1,0.7885622464765697,0.6399999999999999,1
CAZ,logistic_regression,4759,1,1,0.521075287795092,0.6399999999999999,0
CAZ,logistic_regression,479404,4,1,0.8316596582526433,0.38999999999999996,1
CAZ,logistic_regression,4815,2,1,0.34756430521665604,0.3499999999999999,0
CAZ,logistic_regression,499958,0,1,0.9873625687944989,0.49999999999999994,1
CAZ,logistic_regression,511348,3,1,0.9893054136530143,0.24,1
CAZ,logistic_regression,513382,2,0,0.12539291766596194,0.3499999999999999,0
CAZ,logistic_regression,515247,1,1,0.959925798266109,0.6399999999999999,1
CAZ,logistic_regression,515432,4,1,0.9639169003136873,0.38999999999999996,1
CAZ,logistic_regression,516635,4,1,0.9645979855391236,0.38999999999999996,1
CAZ,logistic_regression,517281,2,1,0.9070405546635224,0.3499999999999999,1
CAZ,logistic_regression,518712,1,1,0.6485235054592797,0.6399999999999999,1
CAZ,logistic_regression,526410,3,1,0.9963341259505334,0.24,1
CAZ,logistic_regression,546733,0,1,0.9948395386649028,0.49999999999999994,1
CAZ,logistic_regression,5613,4,1,0.9969020455767147,0.38999999999999996,1
CAZ,logistic_regression,562722,0,0,0.14843390438447152,0.49999999999999994,0
CAZ,logistic_regression,572640,4,0,0.18085774051572737,0.38999999999999996,0
CAZ,logistic_regression,5741,4,1,0.40177061290686195,0.38999999999999996,1
CAZ,logistic_regression,581745,3,1,0.8676097811765865,0.24,1
CAZ,logistic_regression,583114,1,1,0.9224309807353215,0.6399999999999999,1
CAZ,logistic_regression,583141,4,1,0.9876359557485821,0.38999999999999996,1
CAZ,logistic_regression,5881,3,1,0.9888087861538775,0.24,1
CAZ,logistic_regression,591344,4,0,0.07019705187808577,0.38999999999999996,0
CAZ,logistic_regression,599975,0,1,0.9814933014796716,0.49999999999999994,1
CAZ,logistic_regression,6031,4,1,0.9923215787731942,0.38999999999999996,1
CAZ,logistic_regression,607210,2,1,0.5964980169003291,0.3499999999999999,1
CAZ,logistic_regression,613682,1,1,0.9988254025492161,0.6399999999999999,1
CAZ,logistic_regression,614201,0,1,0.4007546797670593,0.49999999999999994,0
CAZ,logistic_regression,669448,2,1,0.9868882623216794,0.3499999999999999,1
CAZ,logistic_regression,669510,4,1,0.44402104830204164,0.38999999999999996,1
CAZ,logistic_regression,672476,0,0,0.07342616593595315,0.49999999999999994,0
CAZ,logistic_regression,676980,4,0,0.14217805285651872,0.38999999999999996,0
CAZ,logistic_regression,6778,1,1,0.9909478568111476,0.6399999999999999,1
CAZ,logistic_regression,680172,3,0,0.8748910043119438,0.24,1
CAZ,logistic_regression,681054,2,1,0.998986194627967,0.3499999999999999,1
CAZ,logistic_regression,699478,4,0,0.18085774051572737,0.38999999999999996,0
CAZ,logistic_regression,699654,1,0,0.12946843026922808,0.6399999999999999,0
CAZ,logistic_regression,702325,2,0,0.24640141351582015,0.3499999999999999,0
CAZ,logistic_regression,7076,0,1,0.9738318740120433,0.49999999999999994,1
CAZ,logistic_regression,728987,1,1,0.8009102385433984,0.6399999999999999,1
CAZ,logistic_regression,730567,2,0,0.1398029070308233,0.3499999999999999,0
CAZ,logistic_regression,731029,3,1,0.7981558533165202,0.24,1
CAZ,logistic_regression,736213,2,0,0.1398029070308233,0.3499999999999999,0
CAZ,logistic_regression,740795,0,1,0.8506997310274664,0.49999999999999994,1
CAZ,logistic_regression,742743,0,0,0.22683357219700134,0.49999999999999994,0
CAZ,logistic_regression,750877,1,0,0.09490012025320865,0.6399999999999999,0
CAZ,logistic_regression,750999,3,0,0.2652554087222965,0.24,1
CAZ,logistic_regression,752729,1,1,0.991828098619183,0.6399999999999999,1
CAZ,logistic_regression,761403,0,1,0.9714602201203714,0.49999999999999994,1
ATM,logistic_regression,13726,2,0,0.3413298533741526,0.32999999999999996,1
ATM,logistic_regression,13748,2,1,0.9389070102801983,0.32999999999999996,1
ATM,logistic_regression,13768,4,1,0.7548692614878258,0.43999999999999995,1
ATM,logistic_regression,14444,1,0,0.3006207077024526,0.4099999999999999,0
ATM,logistic_regression,15219,0,1,0.4990597283801465,0.24,1
ATM,logistic_regression,15687,3,1,0.9552357515855647,0.4599999999999999,1
ATM,logistic_regression,15882,0,0,0.1099845786504556,0.24,0
ATM,logistic_regression,15937,3,0,0.5824583814403042,0.4599999999999999,1
ATM,logistic_regression,16008,4,0,0.3302574974822678,0.43999999999999995,0
ATM,logistic_regression,16233,3,0,0.07290287410643224,0.4599999999999999,0
ATM,logistic_regression,18411,0,0,0.07204714782368994,0.24,0
ATM,logistic_regression,19073,3,1,0.934815441786884,0.4599999999999999,1
ATM,logistic_regression,1912,3,0,0.29773902899858484,0.4599999999999999,0
ATM,logistic_regression,20522,3,1,0.9219329782690687,0.4599999999999999,1
ATM,logistic_regression,21304,3,0,0.11285598861213678,0.4599999999999999,0
ATM,logistic_regression,21352,2,1,0.9918535450292816,0.32999999999999996,1
ATM,logistic_regression,22232,3,1,0.9895804120817083,0.4599999999999999,1
ATM,logistic_regression,22265,0,1,0.1418284451557445,0.24,0
ATM,logistic_regression,25107,2,0,0.19543659467182123,0.32999999999999996,0
ATM,logistic_regression,25112,1,0,0.12970545250764126,0.4099999999999999,0
ATM,logistic_regression,25616,1,0,0.19306384855859243,0.4099999999999999,0
ATM,logistic_regression,25947,1,0,0.11779330169021211,0.4099999999999999,0
ATM,logistic_regression,27106,4,0,0.10634835479274067,0.43999999999999995,0
ATM,logistic_regression,27778,0,1,0.8986094382734531,0.24,1
ATM,logistic_regression,27989,1,1,0.9863993678198709,0.4099999999999999,1
ATM,logistic_regression,28183,2,1,0.9488557750717147,0.32999999999999996,1
ATM,logistic_regression,28866,1,0,0.4263999994078023,0.4099999999999999,1
ATM,logistic_regression,28880,2,0,0.2510733877637161,0.32999999999999996,0
ATM,logistic_regression,28887,0,0,0.14000658788736442,0.24,0
ATM,logistic_regression,28893,4,0,0.06347217197814978,0.43999999999999995,0
ATM,logistic_regression,365679,4,1,0.9054900656387138,0.43999999999999995,1
ATM,logistic_regression,366562,2,1,0.9157850506787838,0.32999999999999996,1
ATM,logistic_regression,368001,1,1,0.993954115940348,0.4099999999999999,1
ATM,logistic_regression,368320,0,1,0.9976575304241623,0.24,1
ATM,logistic_regression,371351,4,1,0.6033598253593299,0.43999999999999995,1
ATM,logistic_regression,374613,2,1,0.8653000715400435,0.32999999999999996,1
ATM,logistic_regression,375436,1,1,0.44182122462275397,0.4099999999999999,1
ATM,logistic_regression,380979,0,0,0.12556021655879906,0.24,0
ATM,logistic_regression,401050,1,0,0.6458302532797241,0.4099999999999999,1
ATM,logistic_regression,410359,2,1,0.9965827997487585,0.32999999999999996,1
ATM,logistic_regression,4111,0,0,0.14000658788736442,0.24,0
ATM,logistic_regression,414780,4,1,0.8582271348856215,0.43999999999999995,1
ATM,logistic_regression,430405,2,1,0.7797530001134015,0.32999999999999996,1
ATM,logistic_regression,430414,2,1,0.9947766869711827,0.32999999999999996,1
ATM,logistic_regression,450199,3,0,0.3173700071052017,0.4599999999999999,0
ATM,logistic_regression,468268,3,1,0.8872450439332847,0.4599999999999999,1
ATM,logistic_regression,4759,1,1,0.4652959044612718,0.4099999999999999,1
ATM,logistic_regression,479404,1,1,0.8688894524490965,0.4099999999999999,1
ATM,logistic_regression,4815,3,1,0.40211970532018887,0.4599999999999999,0
ATM,logistic_regression,511348,3,1,0.9801627179593556,0.4599999999999999,1
ATM,logistic_regression,513382,2,0,0.1310526208913248,0.32999999999999996,0
ATM,logistic_regression,515247,0,1,0.9602047923641639,0.24,1
ATM,logistic_regression,515432,3,1,0.976445945378707,0.4599999999999999,1
ATM,logistic_regression,516635,1,1,0.944338937148501,0.4099999999999999,1
ATM,logistic_regression,517281,4,1,0.9135534668162176,0.43999999999999995,1
ATM,logistic_regression,518712,4,1,0.6622674880819494,0.43999999999999995,1
ATM,logistic_regression,526410,2,1,0.9975593013771449,0.32999999999999996,1
ATM,logistic_regression,546733,3,1,0.9931478693583569,0.4599999999999999,1
ATM,logistic_regression,560539,0,1,0.8449762647773217,0.24,1
ATM,logistic_regression,5613,4,1,0.9954414578443951,0.43999999999999995,1
ATM,logistic_regression,562722,0,0,0.14000658788736442,0.24,0
ATM,logistic_regression,572640,4,0,0.16465856710559126,0.43999999999999995,0
ATM,logistic_regression,5741,4,1,0.39228110876193206,0.43999999999999995,0
ATM,logistic_regression,581745,3,1,0.884746226155402,0.4599999999999999,1
ATM,logistic_regression,582610,1,1,0.9681359915731325,0.4099999999999999,1
ATM,logistic_regression,583114,4,1,0.9217492509436658,0.43999999999999995,1
ATM,logistic_regression,583141,3,1,0.9870542592801221,0.4599999999999999,1
ATM,logistic_regression,5881,0,1,0.9818280946169649,0.24,1
ATM,logistic_regression,591344,4,0,0.06347217197814978,0.43999999999999995,0
ATM,logistic_regression,599975,4,1,0.983135972331271,0.43999999999999995,1
ATM,logistic_regression,607210,2,1,0.5884516347776352,0.32999999999999996,1
ATM,logistic_regression,613682,1,1,0.9990900564105472,0.4099999999999999,1
ATM,logistic_regression,614201,0,1,0.41683138195323177,0.24,1
ATM,logistic_regression,669448,2,1,0.9884285832214785,0.32999999999999996,1
ATM,logistic_regression,672476,0,0,0.07204714782368994,0.24,0
ATM,logistic_regression,676980,4,0,0.1367340627209759,0.43999999999999995,0
ATM,logistic_regression,6778,4,1,0.9925826812162537,0.43999999999999995,1
ATM,logistic_regression,680172,3,0,0.8877547414649057,0.4599999999999999,1
ATM,logistic_regression,681054,1,1,0.9984197630677132,0.4099999999999999,1
ATM,logistic_regression,699478,4,0,0.16465856710559126,0.43999999999999995,0
ATM,logistic_regression,699654,1,0,0.13564905620289955,0.4099999999999999,0
ATM,logistic_regression,702261,2,1,0.9870737552694214,0.32999999999999996,1
ATM,logistic_regression,702325,2,0,0.33386907162290586,0.32999999999999996,1
ATM,logistic_regression,7076,0,1,0.9885103525760818,0.24,1
ATM,logistic_regression,728987,1,1,0.8395225744546931,0.4099999999999999,1
ATM,logistic_regression,730567,2,0,0.14671213775924155,0.32999999999999996,0
ATM,logistic_regression,731029,3,1,0.7273375500637105,0.4599999999999999,1
ATM,logistic_regression,736213,2,0,0.14671213775924155,0.32999999999999996,0
ATM,logistic_regression,740795,0,1,0.9089531621391203,0.24,1
ATM,logistic_regression,742743,0,0,0.23464355376468515,0.24,0
ATM,logistic_regression,750877,1,0,0.09131218545815449,0.4099999999999999,0
ATM,logistic_regression,750999,3,0,0.28809422259799267,0.4599999999999999,0
ATM,logistic_regression,752729,1,1,0.9917522486639992,0.4099999999999999,1
ATM,logistic_regression,761403,0,1,0.8671442260778699,0.24,1
CIP,logistic_regression,13726,1,0,0.04880276609099701,0.4699999999999999,0
CIP,logistic_regression,13748,0,1,0.6442462619268907,0.25999999999999995,1
CIP,logistic_regression,13761,3,1,0.5630977619063305,0.29,1
CIP,logistic_regression,13768,1,1,0.6704009209186647,0.4699999999999999,1
CIP,logistic_regression,14444,4,0,0.11220573435791574,0.35999999999999993,0
CIP,logistic_regression,15219,4,0,0.5275686352189682,0.35999999999999993,1
CIP,logistic_regression,15687,1,0,0.8698624741764291,0.4699999999999999,1
CIP,logistic_regression,15882,4,0,0.14283839307653273,0.35999999999999993,0
CIP,logistic_regression,15937,0,0,0.16323754579114255,0.25999999999999995,0
CIP,logistic_regression,16008,1,0,0.26195006320905745,0.4699999999999999,0
CIP,logistic_regression,16233,4,0,0.11847264184536549,0.35999999999999993,0
CIP,logistic_regression,18411,0,0,0.11301792724139126,0.25999999999999995,0
CIP,logistic_regression,19073,2,0,0.2798747688504507,0.22999999999999998,1
CIP,logistic_regression,1912,1,0,0.054560979803030964,0.4699999999999999,0
CIP,logistic_regression,21304,0,0,0.061547948253671145,0.25999999999999995,0
CIP,logistic_regression,21352,0,1,0.5994366814401075,0.25999999999999995,1
CIP,logistic_regression,22265,1,1,0.3066682200160624,0.4699999999999999,0
CIP,logistic_regression,25107,2,0,0.17436364680704006,0.22999999999999998,0
CIP,logistic_regression,25112,0,0,0.10722239502261795,0.25999999999999995,0
CIP,logistic_regression,25616,3,0,0.29591499761039347,0.29,1
CIP,logistic_regression,25947,0,0,0.03764117983372531,0.25999999999999995,0
CIP,logistic_regression,27106,3,0,0.11419047508095954,0.29,0
CIP,logistic_regression,27778,2,1,0.9185561326332116,0.22999999999999998,1
CIP,logistic_regression,27989,4,1,0.5343584208099789,0.35999999999999993,1
CIP,logistic_regression,28183,3,1,0.5017347585575986,0.29,1
CIP,logistic_regression,28866,2,1,0.3672076008421266,0.22999999999999998,1
CIP,logistic_regression,28880,2,0,0.09891017911833541,0.22999999999999998,0
CIP,logistic_regression,28887,4,0,0.1124329639481957,0.35999999999999993,0
CIP,logistic_regression,28893,3,0,0.1087767607268821,0.29,0
CIP,logistic_regression,365679,4,1,0.8846202661239198,0.35999999999999993,1
CIP,logistic_regression,366562,3,1,0.31588752405331544,0.29,1
CIP,logistic_regression,368001,3,1,0.9919163835190333,0.29,1
CIP,logistic_regression,368320,2,1,0.8077220707352131,0.22999999999999998,1
CIP,logistic_regression,371351,4,0,0.5885673103777752,0.35999999999999993,1
CIP,logistic_regression,374613,1,0,0.6005763971494498,0.4699999999999999,1
CIP,logistic_regression,375436,1,1,0.5054140692814119,0.4699999999999999,1
CIP,logistic_regression,380979,0,0,0.10341368537751627,0.25999999999999995,0
CIP,logistic_regression,401050,3,1,0.28326856273651,0.29,0
CIP,logistic_regression,4111,1,0,0.08747872008447898,0.4699999999999999,0
CIP,logistic_regression,414780,2,0,0.18120124676910065,0.22999999999999998,0
CIP,logistic_regression,430405,4,1,0.7259242783286289,0.35999999999999993,1
CIP,logistic_regression,430414,1,1,0.9829454816210674,0.4699999999999999,1
CIP,logistic_regression,450199,3,0,0.09073288549221949,0.29,0
CIP,logistic_regression,468268,2,0,0.3873262065862318,0.22999999999999998,1
CIP,logistic_regression,4759,1,0,0.13547729211604115,0.4699999999999999,0
CIP,logistic_regression,479404,0,1,0.6474588223443484,0.25999999999999995,1
CIP,logistic_regression,4815,4,1,0.23077465392653707,0.35999999999999993,0
CIP,logistic_regression,499958,0,0,0.2176691241581087,0.25999999999999995,0
CIP,logistic_regression,513382,4,0,0.10259479284423488,0.35999999999999993,0
CIP,logistic_regression,515247,3,1,0.6931968109702762,0.29,1
CIP,logistic_regression,515432,4,1,0.715541908742641,0.35999999999999993,1
CIP,logistic_regression,516635,2,0,0.673389321507949,0.22999999999999998,1
CIP,logistic_regression,517281,2,1,0.7498917635126457,0.22999999999999998,1
CIP,logistic_regression,518712,2,0,0.2811716631901492,0.22999999999999998,1
CIP,logistic_regression,526410,0,1,0.8011638736539684,0.25999999999999995,1
CIP,logistic_regression,539414,3,0,0.15798199685342215,0.29,0
CIP,logistic_regression,560539,2,1,0.24830651159342337,0.22999999999999998,1
CIP,logistic_regression,562722,2,0,0.11092537674562598,0.22999999999999998,0
CIP,logistic_regression,564304,4,0,0.2326932766529163,0.35999999999999993,0
CIP,logistic_regression,572640,0,0,0.06351237000405949,0.25999999999999995,0
CIP,logistic_regression,5741,1,1,0.3470940026644508,0.4699999999999999,0
CIP,logistic_regression,581745,0,1,0.22427853858095223,0.25999999999999995,0
CIP,logistic_regression,582610,1,0,0.8848759888849137,0.4699999999999999,1
CIP,logistic_regression,583114,0,0,0.7950797432661297,0.25999999999999995,1
CIP,logistic_regression,5881,4,1,0.8229115272030706,0.35999999999999993,1
CIP,logistic_regression,591344,3,0,0.1087767607268821,0.29,0
CIP,logistic_regression,607210,1,1,0.30444896482039935,0.4699999999999999,0
CIP,logistic_regression,613682,1,1,0.9877586724572862,0.4699999999999999,1
CIP,logistic_regression,614201,3,0,0.08986245008621169,0.29,0
CIP,logistic_regression,669448,0,1,0.6158278961842504,0.25999999999999995,1
CIP,logistic_regression,669510,3,0,0.2288155354818947,0.29,0
CIP,logistic_regression,672476,2,0,0.09963043216981089,0.22999999999999998,0
CIP,logistic_regression,676980,3,0,0.11317057837381853,0.29,0
CIP,logistic_regression,6778,4,1,0.6343788783082798,0.35999999999999993,1
CIP,logistic_regression,681054,2,1,0.866895480586244,0.22999999999999998,1
CIP,logistic_regression,699478,0,0,0.06351237000405949,0.25999999999999995,0
CIP,logistic_regression,699654,2,0,0.06861512619379688,0.22999999999999998,0
CIP,logistic_regression,702261,1,0,0.47065269932786075,0.4699999999999999,1
CIP,logistic_regression,702325,4,0,0.2215769857476118,0.35999999999999993,0
CIP,logistic_regression,7076,1,0,0.8205864087126864,0.4699999999999999,1
CIP,logistic_regression,728987,0,0,0.6882364610009541,0.25999999999999995,1
CIP,logistic_regression,730567,3,0,0.11317057837381853,0.29,0
CIP,logistic_regression,736213,1,0,0.08747872008447898,0.4699999999999999,0
CIP,logistic_regression,740795,3,1,0.47989483250500303,0.29,1
CIP,logistic_regression,742743,2,0,0.15675721852182986,0.22999999999999998,0
CIP,logistic_regression,750877,4,0,0.11847264184536549,0.35999999999999993,0
CIP,logistic_regression,750999,3,0,0.20922369226500018,0.29,0
CIP,logistic_regression,752729,2,1,0.9167515879702136,0.22999999999999998,1
CIP,logistic_regression,761403,0,1,0.9205439102034612,0.25999999999999995,1
SXT,logistic_regression,13726,4,0,0.38936094411328265,0.5499999999999999,0
SXT,logistic_regression,13748,2,1,0.9769242001567998,0.4099999999999999,1
SXT,logistic_regression,13761,3,1,0.9596602360304932,0.48999999999999994,1
SXT,logistic_regression,13768,4,0,0.3070813366963248,0.5499999999999999,0
SXT,logistic_regression,14444,0,1,0.4093343841050442,0.3999999999999999,1
SXT,logistic_regression,15219,4,1,0.4093456009195606,0.5499999999999999,0
SXT,logistic_regression,15687,0,0,0.8722225870412494,0.3999999999999999,1
SXT,logistic_regression,15882,1,0,0.12315659430216355,0.41999999999999993,0
SXT,logistic_regression,15937,3,1,0.7929826677206125,0.48999999999999994,1
SXT,logistic_regression,16008,3,1,0.5038256065544637,0.48999999999999994,1
SXT,logistic_regression,16233,3,0,0.1408311767450111,0.48999999999999994,0
SXT,logistic_regression,18411,3,0,0.1408311767450111,0.48999999999999994,0
SXT,logistic_regression,19073,1,1,0.9394241832095213,0.41999999999999993,1
SXT,logistic_regression,1912,0,0,0.12335201614930759,0.3999999999999999,0
SXT,logistic_regression,20522,3,0,0.8130480614890836,0.48999999999999994,1
SXT,logistic_regression,21304,3,0,0.1138526190425266,0.48999999999999994,0
SXT,logistic_regression,21352,3,1,0.9635456128338058,0.48999999999999994,1
SXT,logistic_regression,22232,0,1,0.9739866221961379,0.3999999999999999,1
SXT,logistic_regression,22265,0,1,0.7993448125061182,0.3999999999999999,1
SXT,logistic_regression,25107,1,0,0.3342814525266407,0.41999999999999993,0
SXT,logistic_regression,25112,1,1,0.34436099397570596,0.41999999999999993,0
SXT,logistic_regression,25616,2,1,0.2737085341379757,0.4099999999999999,0
SXT,logistic_regression,25947,2,0,0.13226245790415797,0.4099999999999999,0
SXT,logistic_regression,27106,1,0,0.12956308791765414,0.41999999999999993,0
SXT,logistic_regression,27778,4,1,0.9641693276490515,0.5499999999999999,1
SXT,logistic_regression,27989,2,1,0.9385693993117843,0.4099999999999999,1
SXT,logistic_regression,28183,1,1,0.9935128944670207,0.41999999999999993,1
SXT,logistic_regression,28866,2,0,0.5206027561113296,0.4099999999999999,1
SXT,logistic_regression,28880,1,0,0.22591563921790292,0.41999999999999993,0
SXT,logistic_regression,28887,2,0,0.13238622838464587,0.4099999999999999,0
SXT,logistic_regression,28893,1,0,0.11619485636096934,0.41999999999999993,0
SXT,logistic_regression,365679,0,1,0.8133556655013612,0.3999999999999999,1
SXT,logistic_regression,366562,2,1,0.896186685124844,0.4099999999999999,1
SXT,logistic_regression,368001,2,1,0.8941263019501219,0.4099999999999999,1
SXT,logistic_regression,368320,1,1,0.9735050848713711,0.41999999999999993,1
SXT,logistic_regression,371351,2,1,0.894785387998994,0.4099999999999999,1
SXT,logistic_regression,374613,4,1,0.9550687372775986,0.5499999999999999,1
SXT,logistic_regression,375436,4,1,0.6135762943102863,0.5499999999999999,1
SXT,logistic_regression,380979,4,0,0.10703566288403842,0.5499999999999999,0
SXT,logistic_regression,401050,1,1,0.9743202205889147,0.41999999999999993,1
SXT,logistic_regression,410359,3,1,0.9817285008786902,0.48999999999999994,1
SXT,logistic_regression,4111,0,0,0.12148703445774461,0.3999999999999999,0
SXT,logistic_regression,414780,3,1,0.8870089212144654,0.48999999999999994,1
SXT,logistic_regression,430405,1,1,0.7639732861638567,0.41999999999999993,1
SXT,logistic_regression,430414,1,1,0.9432310257981378,0.41999999999999993,1
SXT,logistic_regression,450199,3,0,0.4757383494530809,0.48999999999999994,0
SXT,logistic_regression,468268,3,1,0.9567428786371942,0.48999999999999994,1
SXT,logistic_regression,4759,0,0,0.16721332980215386,0.3999999999999999,0
SXT,logistic_regression,479404,3,1,0.5956296014788881,0.48999999999999994,1
SXT,logistic_regression,4815,0,1,0.26944361748556783,0.3999999999999999,0
SXT,logistic_regression,499958,3,1,0.9563578856669823,0.48999999999999994,1
SXT,logistic_regression,511348,0,1,0.9872888113908813,0.3999999999999999,1
SXT,logistic_regression,513382,1,0,0.11160271055947735,0.41999999999999993,0
SXT,logistic_regression,515247,0,0,0.7097839140213362,0.3999999999999999,1
SXT,logistic_regression,515432,4,1,0.8391537231685141,0.5499999999999999,1
SXT,logistic_regression,516635,4,1,0.8048254340691511,0.5499999999999999,1
SXT,logistic_regression,517281,2,1,0.8859137995161034,0.4099999999999999,1
SXT,logistic_regression,518712,4,1,0.7654690003515937,0.5499999999999999,1
SXT,logistic_regression,526410,0,1,0.9799036103838586,0.3999999999999999,1
SXT,logistic_regression,539414,4,1,0.9141212954678546,0.5499999999999999,1
SXT,logistic_regression,546733,4,1,0.972798648229133,0.5499999999999999,1
SXT,logistic_regression,560539,2,1,0.7923173156013518,0.4099999999999999,1
SXT,logistic_regression,5613,1,1,0.9769280516148201,0.41999999999999993,1
SXT,logistic_regression,562722,4,0,0.11770497694737611,0.5499999999999999,0
SXT,logistic_regression,564304,4,1,0.9560351740482778,0.5499999999999999,1
SXT,logistic_regression,572640,2,0,0.13065266816649992,0.4099999999999999,0
SXT,logistic_regression,5741,2,1,0.505897619793982,0.4099999999999999,1
SXT,logistic_regression,581745,0,1,0.8812713427221572,0.3999999999999999,1
SXT,logistic_regression,582610,3,1,0.8680920571770717,0.48999999999999994,1
SXT,logistic_regression,583114,4,1,0.9884670939962399,0.5499999999999999,1
SXT,logistic_regression,583141,3,1,0.985068396368765,0.48999999999999994,1
SXT,logistic_regression,5881,2,1,0.9793630326708183,0.4099999999999999,1
SXT,logistic_regression,591344,0,0,0.10294641706985076,0.3999999999999999,0
SXT,logistic_regression,599975,1,1,0.919240797284501,0.41999999999999993,1
SXT,logistic_regression,6031,0,1,0.9797155396151597,0.3999999999999999,1
SXT,logistic_regression,607210,3,0,0.411076668559292,0.48999999999999994,0
SXT,logistic_regression,613682,2,1,0.9984013099440491,0.4099999999999999,1
SXT,logistic_regression,614201,4,0,0.11759805742131997,0.5499999999999999,0
SXT,logistic_regression,669448,4,1,0.9095686701402175,0.5499999999999999,1
SXT,logistic_regression,669510,4,1,0.6048787731201227,0.5499999999999999,1
SXT,logistic_regression,672476,0,0,0.10294641706985076,0.3999999999999999,0
SXT,logistic_regression,676980,4,0,0.11770497694737611,0.5499999999999999,0
SXT,logistic_regression,6778,1,1,0.9754620223362828,0.41999999999999993,1
SXT,logistic_regression,680172,2,1,0.9264074867356539,0.4099999999999999,1
SXT,logistic_regression,681054,0,1,0.9983706412724609,0.3999999999999999,1
SXT,logistic_regression,699478,2,0,0.13065266816649992,0.4099999999999999,0
SXT,logistic_regression,699654,3,0,0.07954198154647402,0.48999999999999994,0
SXT,logistic_regression,702261,1,1,0.8208611337840139,0.41999999999999993,1
SXT,logistic_regression,702325,1,0,0.8034598539701571,0.41999999999999993,1
SXT,logistic_regression,7076,3,1,0.9508146813023821,0.48999999999999994,1
SXT,logistic_regression,728987,0,1,0.8915724927433244,0.3999999999999999,1
SXT,logistic_regression,730567,2,0,0.13238622838464587,0.4099999999999999,0
SXT,logistic_regression,731029,2,0,0.8987898584561711,0.4099999999999999,1
SXT,logistic_regression,736213,2,0,0.13238622838464587,0.4099999999999999,0
SXT,logistic_regression,740795,0,0,0.31692204529869367,0.3999999999999999,0
SXT,logistic_regression,742743,1,0,0.2791516410793353,0.41999999999999993,0
SXT,logistic_regression,750877,3,0,0.1408311767450111,0.48999999999999994,0
SXT,logistic_regression,750999,4,0,0.3098873315003884,0.5499999999999999,0
SXT,logistic_regression,752729,1,1,0.8817168408727767,0.41999999999999993,1
SXT,logistic_regression,761403,0,1,0.9822390586168385,0.3999999999999999,1
GEN,logistic_regression,13726,0,0,0.06601512689338405,0.14999999999999997,0
GEN,logistic_regression,13748,0,1,0.640561335591084,0.14999999999999997,1
GEN,logistic_regression,13761,0,1,0.8019265305385728,0.14999999999999997,1
GEN,logistic_regression,13768,0,0,0.3000886395584933,0.14999999999999997,1
GEN,logistic_regression,14444,3,0,0.17764619094929843,0.3499999999999999,0
GEN,logistic_regression,15219,3,1,0.6411991937388711,0.3499999999999999,1
GEN,logistic_regression,15687,3,0,0.5020528294279754,0.3499999999999999,1
GEN,logistic_regression,15882,1,0,0.09184902223003842,0.4699999999999999,0
GEN,logistic_regression,15937,4,0,0.17624406314185043,0.35999999999999993,0
GEN,logistic_regression,16008,2,0,0.16180495674114606,0.27999999999999997,0
GEN,logistic_regression,16233,4,0,0.0779660304437444,0.35999999999999993,0
GEN,logistic_regression,18411,1,0,0.08031659617240491,0.4699999999999999,0
GEN,logistic_regression,19073,4,0,0.41430343725845903,0.35999999999999993,1
GEN,logistic_regression,1912,3,0,0.05942728886712514,0.3499999999999999,0
GEN,logistic_regression,20522,2,1,0.6311811908257778,0.27999999999999997,1
GEN,logistic_regression,21304,4,0,0.08862590749114137,0.35999999999999993,0
GEN,logistic_regression,21352,2,0,0.4241588244172921,0.27999999999999997,1
GEN,logistic_regression,22232,1,1,0.5989397039879346,0.4699999999999999,1
GEN,logistic_regression,22265,2,1,0.05764645121759894,0.27999999999999997,0
GEN,logistic_regression,25107,0,0,0.19246287570325266,0.14999999999999997,1
GEN,logistic_regression,25112,4,0,0.09378352971760288,0.35999999999999993,0
GEN,logistic_regression,25616,1,0,0.1728670110511268,0.4699999999999999,0
GEN,logistic_regression,25947,0,0,0.05665460192927575,0.14999999999999997,0
GEN,logistic_regression,27106,0,0,0.09842048270150479,0.14999999999999997,0
GEN,logistic_regression,27778,1,1,0.9034777104098268,0.4699999999999999,1
GEN,logistic_regression,27989,2,1,0.7936957020850429,0.27999999999999997,1
GEN,logistic_regression,28183,3,0,0.5360510425205494,0.3499999999999999,1
GEN,logistic_regression,28866,0,1,0.4345701575673505,0.14999999999999997,1
GEN,logistic_regression,28880,0,0,0.10752311227513654,0.14999999999999997,0
GEN,logistic_regression,28887,3,0,0.0999328540960925,0.3499999999999999,0
GEN,logistic_regression,28893,1,0,0.08031659617240491,0.4699999999999999,0
GEN,logistic_regression,365679,4,1,0.5449379062287215,0.35999999999999993,1
GEN,logistic_regression,366562,1,1,0.15437942685612413,0.4699999999999999,0
GEN,logistic_regression,368001,2,1,0.6393611962062661,0.27999999999999997,1
GEN,logistic_regression,368320,4,1,0.8437423856281729,0.35999999999999993,1
GEN,logistic_regression,371351,3,1,0.3125487914655811,0.3499999999999999,0
GEN,logistic_regression,374613,2,0,0.7218767640109672,0.27999999999999997,1
GEN,logistic_regression,375436,1,1,0.4355325527836473,0.4699999999999999,0
GEN,logistic_regression,380979,4,0,0.11401864209378408,0.35999999999999993,0
GEN,logistic_regression,401050,2,0,0.4119479003128724,0.27999999999999997,1
GEN,logistic_regression,410359,1,1,0.930010533315868,0.4699999999999999,1
GEN,logistic_regression,4111,4,0,0.1260533642152812,0.35999999999999993,0
GEN,logistic_regression,414780,1,0,0.2121755241623484,0.4699999999999999,0
GEN,logistic_regression,430414,4,1,0.7075658287784123,0.35999999999999993,1
GEN,logistic_regression,450199,2,0,0.3520886364539805,0.27999999999999997,1
GEN,logistic_regression,468268,3,1,0.6228777003410221,0.3499999999999999,1
GEN,logistic_regression,4759,0,0,0.08572825396708751,0.14999999999999997,0
GEN,logistic_regression,479404,2,0,0.21130598857978175,0.27999999999999997,0
GEN,logistic_regression,4815,3,1,0.7172959845365204,0.3499999999999999,1
GEN,logistic_regression,499958,2,0,0.5964814614020775,0.27999999999999997,1
GEN,logistic_regression,511348,3,1,0.9586197979852716,0.3499999999999999,1
GEN,logistic_regression,513382,1,0,0.09796447449674663,0.4699999999999999,0
GEN,logistic_regression,515247,2,0,0.5011811602244055,0.27999999999999997,1
GEN,logistic_regression,515432,1,1,0.4762256121953441,0.4699999999999999,1
GEN,logistic_regression,516635,4,1,0.825433067923036,0.35999999999999993,1
GEN,logistic_regression,518712,4,0,0.21394838634282498,0.35999999999999993,0
GEN,logistic_regression,526410,3,1,0.8615106192133338,0.3499999999999999,1
GEN,logistic_regression,539414,0,0,0.3496546924781834,0.14999999999999997,1
GEN,logistic_regression,546733,3,1,0.9197560116020254,0.3499999999999999,1
GEN,logistic_regression,560539,1,1,0.5240105529746631,0.4699999999999999,1
GEN,logistic_regression,5613,2,1,0.9045989452160793,0.27999999999999997,1
GEN,logistic_regression,562722,2,0,0.0948015403714856,0.27999999999999997,0
GEN,logistic_regression,564304,4,0,0.4170723917315903,0.35999999999999993,1
GEN,logistic_regression,572640,3,0,0.051185149514439796,0.3499999999999999,0
GEN,logistic_regression,581745,3,0,0.22185659832311544,0.3499999999999999,0
GEN,logistic_regression,582610,2,0,0.27749062121015555,0.27999999999999997,0
GEN,logistic_regression,583114,3,0,0.5534668130862206,0.3499999999999999,1
GEN,logistic_regression,583141,0,1,0.8739634065813188,0.14999999999999997,1
GEN,logistic_regression,5881,0,1,0.8328694190546424,0.14999999999999997,1
GEN,logistic_regression,591344,0,0,0.07271898898891958,0.14999999999999997,0
GEN,logistic_regression,599975,4,1,0.2662706646619805,0.35999999999999993,0
GEN,logistic_regression,6031,1,0,0.5537165564263198,0.4699999999999999,1
GEN,logistic_regression,607210,4,1,0.14995352772447432,0.35999999999999993,0
GEN,logistic_regression,613682,2,1,0.9869877434445966,0.27999999999999997,1
GEN,logistic_regression,614201,0,0,0.0874861182599636,0.14999999999999997,0
GEN,logistic_regression,669448,0,1,0.6310546310753878,0.14999999999999997,1
GEN,logistic_regression,669510,3,0,0.07379872222548874,0.3499999999999999,0
GEN,logistic_regression,672476,3,0,0.06433193458326797,0.3499999999999999,0
GEN,logistic_regression,676980,2,0,0.0948015403714856,0.27999999999999997,0
GEN,logistic_regression,6778,2,1,0.9091461614344527,0.27999999999999997,1
GEN,logistic_regression,680172,1,0,0.19779938202620487,0.4699999999999999,0
GEN,logistic_regression,681054,1,1,0.9170821872994595,0.4699999999999999,1
GEN,logistic_regression,699478,4,0,0.05879214826559381,0.35999999999999993,0
GEN,logistic_regression,699654,0,0,0.06585082478476209,0.14999999999999997,0
GEN,logistic_regression,702261,1,0,0.4841949206028759,0.4699999999999999,1
GEN,logistic_regression,702325,1,0,0.41050700067601403,0.4699999999999999,0
GEN,logistic_regression,7076,4,1,0.2543545293664656,0.35999999999999993,0
GEN,logistic_regression,728987,0,1,0.3318167777606049,0.14999999999999997,1
GEN,logistic_regression,730567,4,0,0.1260533642152812,0.35999999999999993,0
GEN,logistic_regression,731029,0,1,0.374927777355897,0.14999999999999997,1
GEN,logistic_regression,736213,1,0,0.10696919024178551,0.4699999999999999,0
GEN,logistic_regression,740795,0,0,0.14999057486188755,0.14999999999999997,0
GEN,logistic_regression,742743,3,0,0.1687747277768713,0.3499999999999999,0
GEN,logistic_regression,750877,1,0,0.08031659617240491,0.4699999999999999,0
GEN,logistic_regression,750999,2,0,0.15328872077754915,0.27999999999999997,0
GEN,logistic_regression,752729,4,0,0.10926140979118398,0.35999999999999993,0
GEN,logistic_regression,761403,3,0,0.8657029876892933,0.3499999999999999,1
CT,logistic_regression,13726,4,0,0.05546112036281843,0.29,0
CT,logistic_regression,13748,4,1,0.15969185339653127,0.29,0
CT,logistic_regression,13761,0,1,0.5697946876143799,0.27999999999999997,1
CT,logistic_regression,13768,2,1,0.666697561372609,0.29,1
CT,logistic_regression,14444,4,0,0.1035764799164681,0.29,0
CT,logistic_regression,15219,0,0,0.5166316908202955,0.27999999999999997,1
CT,logistic_regression,15687,3,1,0.7773820315524721,0.36999999999999994,1
CT,logistic_regression,15882,4,0,0.10117092908503761,0.29,0
CT,logistic_regression,15937,0,0,0.24803920502598586,0.27999999999999997,0
CT,logistic_regression,16008,3,0,0.4363369970573812,0.36999999999999994,1
CT,logistic_regression,16233,1,0,0.06391191698549238,0.30999999999999994,0
CT,logistic_regression,18411,0,0,0.08263184934503306,0.27999999999999997,0
CT,logistic_regression,19073,1,0,0.09706038302835823,0.30999999999999994,0
CT,logistic_regression,1912,4,0,0.04982462667588203,0.29,0
CT,logistic_regression,20522,4,1,0.5915153692260927,0.29,1
CT,logistic_regression,21304,2,0,0.09972062711963514,0.29,0
CT,logistic_regression,21352,0,0,0.7947735833531862,0.27999999999999997,1
CT,logistic_regression,22232,3,1,0.2403718700676521,0.36999999999999994,0
CT,logistic_regression,22265,0,1,0.24704400275833774,0.27999999999999997,0
CT,logistic_regression,25107,3,0,0.17898874212187257,0.36999999999999994,0
CT,logistic_regression,25112,1,0,0.05122045920972135,0.30999999999999994,0
CT,logistic_regression,25616,2,0,0.29224526683246466,0.29,1
CT,logistic_regression,25947,2,0,0.0999666671160882,0.29,0
CT,logistic_regression,27106,0,0,0.059827884165900416,0.27999999999999997,0
CT,logistic_regression,27778,1,0,0.37654255874724973,0.30999999999999994,1
CT,logistic_regression,27989,1,1,0.3538493061927055,0.30999999999999994,1
CT,logistic_regression,28183,1,1,0.20658883955859048,0.30999999999999994,0
CT,logistic_regression,28866,4,0,0.3046764883218746,0.29,1
CT,logistic_regression,28880,0,0,0.17051317195560672,0.27999999999999997,0
CT,logistic_regression,28887,0,0,0.08486892430504646,0.27999999999999997,0
CT,logistic_regression,28893,2,0,0.060233994265331235,0.29,0
CT,logistic_regression,365679,2,1,0.7107598499127757,0.29,1
CT,logistic_regression,366562,3,1,0.4272722867393067,0.36999999999999994,1
CT,logistic_regression,368001,0,1,0.9858277409917412,0.27999999999999997,1
CT,logistic_regression,368320,3,1,0.5741401103074764,0.36999999999999994,1
CT,logistic_regression,371351,0,0,0.1457702243325712,0.27999999999999997,0
CT,logistic_regression,374613,3,0,0.25830655601487806,0.36999999999999994,0
CT,logistic_regression,375436,1,1,0.19715956015555425,0.30999999999999994,0
CT,logistic_regression,380979,1,0,0.089562015880199,0.30999999999999994,0
CT,logistic_regression,401050,4,0,0.2192211007536927,0.29,0
CT,logistic_regression,410359,2,0,0.6560648816679188,0.29,1
CT,logistic_regression,4111,4,0,0.10117092908503761,0.29,0
CT,logistic_regression,414780,3,0,0.17093341919978455,0.36999999999999994,0
CT,logistic_regression,430405,3,1,0.8818568588049068,0.36999999999999994,1
CT,logistic_regression,430414,0,1,0.9725483338208417,0.27999999999999997,1
CT,logistic_regression,450199,4,0,0.08545573564473131,0.29,0
CT,logistic_regression,468268,1,0,0.08286808538186181,0.30999999999999994,0
CT,logistic_regression,4759,3,0,0.12678490597918557,0.36999999999999994,0
CT,logistic_regression,479404,2,1,0.43105970006676686,0.29,1
CT,logistic_regression,4815,2,0,0.32125539879684034,0.29,1
CT,logistic_regression,499958,2,0,0.4699692292116382,0.29,1
CT,logistic_regression,511348,1,1,0.7992368822979091,0.30999999999999994,1
CT,logistic_regression,513382,1,0,0.089562015880199,0.30999999999999994,0
CT,logistic_regression,515247,2,1,0.5206220944061464,0.29,1
CT,logistic_regression,515432,2,1,0.1673016240892751,0.29,0
CT,logistic_regression,516635,3,0,0.25539382512676967,0.36999999999999994,0
CT,logistic_regression,517281,4,1,0.8324916836246951,0.29,1
CT,logistic_regression,518712,0,0,0.12910684220179997,0.27999999999999997,0
CT,logistic_regression,526410,3,1,0.7594435376853719,0.36999999999999994,1
CT,logistic_regression,539414,2,0,0.19261419403550778,0.29,0
CT,logistic_regression,546733,4,0,0.5969609089334096,0.29,1
CT,logistic_regression,560539,3,1,0.44683359977013587,0.36999999999999994,1
CT,logistic_regression,5613,4,1,0.493841042577157,0.29,1
CT,logistic_regression,562722,3,0,0.08473528722990348,0.36999999999999994,0
CT,logistic_regression,564304,2,0,0.257168881969595,0.29,0
CT,logistic_regression,572640,2,0,0.075778959874585,0.29,0
CT,logistic_regression,5741,1,1,0.20176407194364168,0.30999999999999994,0
CT,logistic_regression,581745,2,1,0.5498564848976736,0.29,1
CT,logistic_regression,583114,3,0,0.5778651610613779,0.36999999999999994,1
CT,logistic_regression,583141,0,0,0.5898034319137404,0.27999999999999997,1
CT,logistic_regression,5881,4,1,0.9129349926382335,0.29,1
CT,logistic_regression,591344,1,0,0.06391191698549238,0.30999999999999994,0
CT,logistic_regression,599975,0,0,0.40486919787949976,0.27999999999999997,1
CT,logistic_regression,6031,3,0,0.30577737962118384,0.36999999999999994,0
CT,logistic_regression,607210,4,1,0.3389723415474717,0.29,1
CT,logistic_regression,613682,1,1,0.9515844338124333,0.30999999999999994,1
CT,logistic_regression,614201,3,0,0.23179819812995428,0.36999999999999994,0
CT,logistic_regression,669448,2,1,0.41610237297367864,0.29,1
CT,logistic_regression,669510,0,1,0.17896622424197572,0.27999999999999997,0
CT,logistic_regression,672476,2,0,0.060233994265331235,0.29,0
CT,logistic_regression,676980,1,0,0.089562015880199,0.30999999999999994,0
CT,logistic_regression,6778,3,1,0.44706371749469753,0.36999999999999994,1
CT,logistic_regression,680172,4,0,0.1355803665467363,0.29,0
CT,logistic_regression,681054,0,1,0.7473472669471194,0.27999999999999997,1
CT,logistic_regression,699478,0,0,0.07459727797009495,0.27999999999999997,0
CT,logistic_regression,699654,1,0,0.07959606335239469,0.30999999999999994,0
CT,logistic_regression,702261,1,0,0.326156582738091,0.30999999999999994,1
CT,logistic_regression,702325,4,0,0.034050867879250046,0.29,0
CT,logistic_regression,7076,0,1,0.799762447502636,0.27999999999999997,1
CT,logistic_regression,728987,1,0,0.2005649847950265,0.30999999999999994,0
CT,logistic_regression,730567,0,0,0.08486892430504646,0.27999999999999997,0
CT,logistic_regression,731029,3,0,0.39110340030117685,0.36999999999999994,1
CT,logistic_regression,736213,1,0,0.089562015880199,0.30999999999999994,0
CT,logistic_regression,740795,2,1,0.7925494796063154,0.29,1
CT,logistic_regression,742743,2,0,0.20072342258528703,0.29,0
CT,logistic_regression,750877,4,0,0.08390837691589358,0.29,0
CT,logistic_regression,750999,3,0,0.2591908422379536,0.36999999999999994,0
CT,logistic_regression,752729,1,1,0.8960400193937439,0.30999999999999994,1
CT,logistic_regression,761403,4,1,0.988222780126955,0.29,1
TZP,logistic_regression,13726,1,0,0.05902557579598683,0.49999999999999994,0
TZP,logistic_regression,13748,0,1,0.16445385080958524,0.22999999999999998,0
TZP,logistic_regression,13761,3,1,0.37605233588458103,0.26999999999999996,1
TZP,logistic_regression,13768,4,1,0.7527418354185338,0.30999999999999994,1
TZP,logistic_regression,14444,3,0,0.21796942039230077,0.26999999999999996,0
TZP,logistic_regression,15219,4,0,0.6836315865526508,0.30999999999999994,1
TZP,logistic_regression,15882,1,0,0.09287222498343652,0.49999999999999994,0
TZP,logistic_regression,15937,4,0,0.3769529927904471,0.30999999999999994,1
TZP,logistic_regression,16008,0,0,0.4651764217841118,0.22999999999999998,1
TZP,logistic_regression,16233,1,1,0.07285012534714144,0.49999999999999994,0
TZP,logistic_regression,18411,1,0,0.07285012534714144,0.49999999999999994,0
TZP,logistic_regression,19073,4,0,0.09573795173737254,0.30999999999999994,0
TZP,logistic_regression,1912,0,0,0.11454319991266312,0.22999999999999998,0
TZP,logistic_regression,25616,1,1,0.30490000950305635,0.49999999999999994,0
TZP,logistic_regression,25947,3,0,0.12084399884418874,0.26999999999999996,0
TZP,logistic_regression,27106,1,0,0.07275164808072337,0.49999999999999994,0
TZP,logistic_regression,27778,0,0,0.7094297249377666,0.22999999999999998,1
TZP,logistic_regression,27989,2,0,0.5322778490548183,0.3499999999999999,1
TZP,logistic_regression,28866,0,0,0.44973867727851985,0.22999999999999998,1
TZP,logistic_regression,28880,3,0,0.24991115119042304,0.26999999999999996,0
TZP,logistic_regression,28887,0,0,0.1511217023831887,0.22999999999999998,0
TZP,logistic_regression,28893,3,0,0.2505644892227057,0.26999999999999996,0
TZP,logistic_regression,365679,3,1,0.9333603439032987,0.26999999999999996,1
TZP,logistic_regression,366562,4,1,0.5318095724723957,0.30999999999999994,1
TZP,logistic_regression,368001,0,1,0.9831414443526574,0.22999999999999998,1
TZP,logistic_regression,368320,3,1,0.29446343473544495,0.26999999999999996,1
TZP,logistic_regression,371351,2,0,0.39190944515697884,0.3499999999999999,1
TZP,logistic_regression,374613,4,0,0.26807311152928615,0.30999999999999994,0
TZP,logistic_regression,375436,2,1,0.3714756634041258,0.3499999999999999,1
TZP,logistic_regression,380979,3,0,0.12850030422515812,0.26999999999999996,0
TZP,logistic_regression,401050,1,1,0.22324830504534432,0.49999999999999994,0
TZP,logistic_regression,4111,4,0,0.15062264790697646,0.30999999999999994,0
TZP,logistic_regression,430405,2,1,0.7420417364642361,0.3499999999999999,1
TZP,logistic_regression,430414,0,1,0.9347823824614349,0.22999999999999998,1
TZP,logistic_regression,450199,1,0,0.11078847427173502,0.49999999999999994,0
TZP,logistic_regression,468268,0,0,0.08915616174285133,0.22999999999999998,0
TZP,logistic_regression,4759,1,0,0.12385460450634335,0.49999999999999994,0
TZP,logistic_regression,479404,4,1,0.8231123893675808,0.30999999999999994,1
TZP,logistic_regression,4815,2,0,0.18644340443391397,0.3499999999999999,0
TZP,logistic_regression,499958,3,0,0.16730855788730534,0.26999999999999996,0
TZP,logistic_regression,511348,4,1,0.8057240921165592,0.30999999999999994,1
TZP,logistic_regression,513382,2,0,0.12348412186699156,0.3499999999999999,0
TZP,logistic_regression,515247,2,1,0.9063677936539457,0.3499999999999999,1
TZP,logistic_regression,515432,3,1,0.293210911664859,0.26999999999999996,1
TZP,logistic_regression,516635,1,0,0.34491236930208186,0.49999999999999994,0
TZP,logistic_regression,517281,2,1,0.7420871596331092,0.3499999999999999,1
TZP,logistic_regression,518712,0,0,0.2348427771284646,0.22999999999999998,1
TZP,logistic_regression,526410,0,1,0.6068890300615838,0.22999999999999998,1
TZP,logistic_regression,539414,4,0,0.15807163081677034,0.30999999999999994,0
TZP,logistic_regression,546733,2,0,0.4164732744510535,0.3499999999999999,1
TZP,logistic_regression,560539,2,1,0.6358879694516774,0.3499999999999999,1
TZP,logistic_regression,562722,2,0,0.1374825104299424,0.3499999999999999,0
TZP,logistic_regression,564304,3,0,0.129066158559088,0.26999999999999996,0
TZP,logistic_regression,572640,2,0,0.1119420485932028,0.3499999999999999,0
TZP,logistic_regression,5741,2,1,0.15177886810998079,0.3499999999999999,0
TZP,logistic_regression,581745,0,1,0.6202804492164871,0.22999999999999998,1
TZP,logistic_regression,583114,4,0,0.6874303704573845,0.30999999999999994,1
TZP,logistic_regression,583141,0,0,0.5178061760375516,0.22999999999999998,1
TZP,logistic_regression,5881,4,1,0.794972384852326,0.30999999999999994,1
TZP,logistic_regression,591344,1,1,0.07285012534714144,0.49999999999999994,0
TZP,logistic_regression,599975,1,0,0.23309088192775979,0.49999999999999994,0
TZP,logistic_regression,6031,0,0,0.261932450105492,0.22999999999999998,1
TZP,logistic_regression,613682,1,1,0.7836783354072272,0.49999999999999994,1
TZP,logistic_regression,614201,3,0,0.22829422011008899,0.26999999999999996,0
TZP,logistic_regression,669448,1,1,0.35387418204375876,0.49999999999999994,0
TZP,logistic_regression,669510,2,1,0.2692420702551679,0.3499999999999999,0
TZP,logistic_regression,672476,3,0,0.2505644892227057,0.26999999999999996,0
TZP,logistic_regression,676980,2,0,0.1374825104299424,0.3499999999999999,0
TZP,logistic_regression,680172,4,0,0.5194938469167856,0.30999999999999994,1
TZP,logistic_regression,681054,4,1,0.6243666153617219,0.30999999999999994,1
TZP,logistic_regression,699478,0,0,0.15327092539559098,0.22999999999999998,0
TZP,logistic_regression,699654,2,0,0.1119420485932028,0.3499999999999999,0
TZP,logistic_regression,702261,1,0,0.17887181581029968,0.49999999999999994,0
TZP,logistic_regression,728987,4,0,0.3679474006826469,0.30999999999999994,1
TZP,logistic_regression,730567,1,0,0.09287222498343652,0.49999999999999994,0
TZP,logistic_regression,731029,0,0,0.136363254323109,0.22999999999999998,0
TZP,logistic_regression,736213,4,0,0.15062264790697646,0.30999999999999994,0
TZP,logistic_regression,740795,3,1,0.8014594351163417,0.26999999999999996,1
TZP,logistic_regression,742743,1,0,0.18409997901117897,0.49999999999999994,0
TZP,logistic_regression,750877,2,0,0.22536189417165015,0.3499999999999999,0
TZP,logistic_regression,750999,3,0,0.2320056132874761,0.26999999999999996,0
TZP,logistic_regression,752729,0,1,0.9294861810658341,0.22999999999999998,1
TZP,logistic_regression,761403,3,1,0.9190282129096619,0.26999999999999996,1
CRO,logistic_regression,13726,2,0,0.4474386367819677,0.32999999999999996,1
CRO,logistic_regression,13748,4,1,0.8962439992831425,0.41999999999999993,1
CRO,logistic_regression,13761,0,1,0.9933605441985995,0.3,1
CRO,logistic_regression,13768,0,1,0.7937566913022635,0.3,1
CRO,logistic_regression,14444,1,0,0.23607270339668507,0.6499999999999999,0
CRO,logistic_regression,15219,2,1,0.46307486308386575,0.32999999999999996,1
CRO,logistic_regression,15687,3,1,0.9518332811878767,0.27999999999999997,1
CRO,logistic_regression,15882,0,0,0.10522963426004882,0.3,0
CRO,logistic_regression,15937,3,0,0.6797907874045873,0.27999999999999997,1
CRO,logistic_regression,16008,4,0,0.29204709207418367,0.41999999999999993,0
CRO,logistic_regression,16233,3,0,0.06431601482785405,0.27999999999999997,0
CRO,logistic_regression,18411,0,0,0.06783043442530094,0.3,0
CRO,logistic_regression,19073,0,1,0.9420582479606453,0.3,1
CRO,logistic_regression,1912,3,0,0.37660835455038444,0.27999999999999997,1
CRO,logistic_regression,20522,2,1,0.9325942082710417,0.32999999999999996,1
CRO,logistic_regression,21304,3,0,0.13161289442650378,0.27999999999999997,0
CRO,logistic_regression,21352,2,1,0.9927955745433195,0.32999999999999996,1
CRO,logistic_regression,22232,1,1,0.990337143854846,0.6499999999999999,1
CRO,logistic_regression,22265,0,1,0.2249128790462017,0.3,0
CRO,logistic_regression,25107,2,0,0.17107719219980227,0.32999999999999996,0
CRO,logistic_regression,25112,1,0,0.11657708824802629,0.6499999999999999,0
CRO,logistic_regression,25616,1,0,0.21573428901978656,0.6499999999999999,0
CRO,logistic_regression,25947,1,0,0.13801501883558023,0.6499999999999999,0
CRO,logistic_regression,27106,4,0,0.1369160132173599,0.41999999999999993,0
CRO,logistic_regression,27778,3,1,0.9567965410600062,0.27999999999999997,1
CRO,logistic_regression,27989,3,1,0.9769241282270816,0.27999999999999997,1
CRO,logistic_regression,28183,0,1,0.9488297931667296,0.3,1
CRO,logistic_regression,28866,1,0,0.39693891188608876,0.6499999999999999,0
CRO,logistic_regression,28880,2,0,0.27541471663873957,0.32999999999999996,0
CRO,logistic_regression,28887,0,0,0.13887882582841443,0.3,0
CRO,logistic_regression,28893,4,0,0.07413303839080154,0.41999999999999993,0
CRO,logistic_regression,365679,1,1,0.9390390197307253,0.6499999999999999,1
CRO,logistic_regression,366562,1,1,0.9215966066916405,0.6499999999999999,1
CRO,logistic_regression,368001,4,1,0.993006412044127,0.41999999999999993,1
CRO,logistic_regression,368320,4,1,0.9965871656462456,0.41999999999999993,1
CRO,logistic_regression,371351,4,1,0.6284281406367103,0.41999999999999993,1
CRO,logistic_regression,374613,4,1,0.8503772627194615,0.41999999999999993,1
CRO,logistic_regression,375436,3,1,0.4364549101546376,0.27999999999999997,1
CRO,logistic_regression,380979,0,0,0.12463437346041721,0.3,0
CRO,logistic_regression,401050,1,0,0.7335670605282294,0.6499999999999999,1
CRO,logistic_regression,410359,1,1,0.9947644217684478,0.6499999999999999,1
CRO,logistic_regression,4111,0,0,0.13887882582841443,0.3,0
CRO,logistic_regression,414780,3,1,0.9284895194164651,0.27999999999999997,1
CRO,logistic_regression,430405,4,1,0.7622795627767887,0.41999999999999993,1
CRO,logistic_regression,430414,2,1,0.995274432066094,0.32999999999999996,1
CRO,logistic_regression,450199,3,0,0.26490236960699237,0.27999999999999997,0
CRO,logistic_regression,468268,1,1,0.8924145261317971,0.6499999999999999,1
CRO,logistic_regression,4759,2,1,0.5704234344083021,0.32999999999999996,1
CRO,logistic_regression,479404,3,1,0.8326039813196202,0.27999999999999997,1
CRO,logistic_regression,4815,1,1,0.4590394739202275,0.6499999999999999,0
CRO,logistic_regression,499958,1,1,0.9922880270254381,0.6499999999999999,1
CRO,logistic_regression,511348,3,1,0.9833450679392455,0.27999999999999997,1
CRO,logistic_regression,513382,2,0,0.11786519979927343,0.32999999999999996,0
CRO,logistic_regression,515247,2,1,0.9607335155716042,0.32999999999999996,1
CRO,logistic_regression,515432,2,1,0.9346860640467157,0.32999999999999996,1
CRO,logistic_regression,516635,0,1,0.9632546764568075,0.3,1
CRO,logistic_regression,517281,4,1,0.9313306600798481,0.41999999999999993,1
CRO,logistic_regression,518712,4,1,0.6894861125372906,0.41999999999999993,1
CRO,logistic_regression,526410,2,1,0.9977824054722958,0.32999999999999996,1
CRO,logistic_regression,539414,3,1,0.9774431187286923,0.27999999999999997,1
CRO,logistic_regression,546733,0,1,0.9956085452642209,0.3,1
CRO,logistic_regression,560539,4,1,0.823821041067264,0.41999999999999993,1
CRO,logistic_regression,5613,4,1,0.9967099345279603,0.41999999999999993,1
CRO,logistic_regression,562722,0,0,0.13887882582841443,0.3,0
CRO,logistic_regression,564304,3,1,0.9893051961130542,0.27999999999999997,1
CRO,logistic_regression,572640,4,0,0.1582724374780614,0.41999999999999993,0
CRO,logistic_regression,5741,2,1,0.19115239907741888,0.32999999999999996,0
CRO,logistic_regression,581745,1,1,0.926134970700742,0.6499999999999999,1
CRO,logistic_regression,582610,4,1,0.9518531460303775,0.41999999999999993,1
CRO,logistic_regression,583114,2,1,0.942245093791076,0.32999999999999996,1
CRO,logistic_regression,583141,0,1,0.9903186296706898,0.3,1
CRO,logistic_regression,5881,3,1,0.9890237476270592,0.27999999999999997,1
CRO,logistic_regression,591344,4,0,0.07413303839080154,0.41999999999999993,0
CRO,logistic_regression,599975,4,1,0.9882637350645234,0.41999999999999993,1
CRO,logistic_regression,6031,3,1,0.9935533870056655,0.27999999999999997,1
CRO,logistic_regression,607210,2,1,0.558520764382523,0.32999999999999996,1
CRO,logistic_regression,613682,1,1,0.9991817923560141,0.6499999999999999,1
CRO,logistic_regression,614201,0,1,0.3952020372261075,0.3,1
CRO,logistic_regression,669448,2,1,0.9877306576533919,0.32999999999999996,1
CRO,logistic_regression,669510,4,1,0.3716952898091921,0.41999999999999993,0
CRO,logistic_regression,672476,0,0,0.06783043442530094,0.3,0
CRO,logistic_regression,676980,4,0,0.14955251344219614,0.41999999999999993,0
CRO,logistic_regression,6778,3,1,0.993683539349612,0.27999999999999997,1
CRO,logistic_regression,680172,3,0,0.86797301892329,0.27999999999999997,1
CRO,logistic_regression,681054,1,1,0.9988250137771618,0.6499999999999999,1
CRO,logistic_regression,699478,4,0,0.1582724374780614,0.41999999999999993,0
CRO,logistic_regression,699654,1,0,0.1624866908773924,0.6499999999999999,0
CRO,logistic_regression,702261,2,1,0.9845269963767853,0.32999999999999996,1
CRO,logistic_regression,702325,2,0,0.31769553784520493,0.32999999999999996,0
CRO,logistic_regression,7076,0,1,0.9807945486861025,0.3,1
CRO,logistic_regression,728987,1,1,0.8051879704307403,0.6499999999999999,1
CRO,logistic_regression,730567,2,0,0.13068298405988044,0.32999999999999996,0
CRO,logistic_regression,731029,3,1,0.8586069155746712,0.27999999999999997,1
CRO,logistic_regression,736213,2,0,0.13068298405988044,0.32999999999999996,0
CRO,logistic_regression,740795,0,1,0.8668616812909171,0.3,1
CRO,logistic_regression,742743,0,0,0.22834718313616417,0.3,0
CRO,logistic_regression,750877,1,0,0.09319401195551417,0.6499999999999999,0
CRO,logistic_regression,750999,3,0,0.28639704837219965,0.27999999999999997,1
CRO,logistic_regression,752729,1,1,0.9943801348624927,0.6499999999999999,1
CRO,logistic_regression,761403,0,1,0.9290612991250677,0.3,1
LVX,logistic_regression,13726,0,0,0.11601489161642695,0.3499999999999999,0
LVX,logistic_regression,13748,0,1,0.78822361050238,0.3499999999999999,1
LVX,logistic_regression,13768,4,1,0.30880873743048104,0.5099999999999999,0
LVX,logistic_regression,14444,0,0,0.21184063047622514,0.3499999999999999,0
LVX,logistic_regression,15219,3,0,0.4664735274036537,0.33999999999999997,1
LVX,logistic_regression,15687,2,0,0.8991510499611653,0.41999999999999993,1
LVX,logistic_regression,15882,1,0,0.14675355960535388,0.29,0
LVX,logistic_regression,15937,4,0,0.21926240517078055,0.5099999999999999,0
LVX,logistic_regression,16008,2,0,0.3308114779375414,0.41999999999999993,0
LVX,logistic_regression,16233,4,0,0.12063686735195127,0.5099999999999999,0
LVX,logistic_regression,18411,0,0,0.13632540434402074,0.3499999999999999,0
LVX,logistic_regression,19073,3,0,0.19609807449556038,0.33999999999999997,0
LVX,logistic_regression,1912,2,0,0.15388492236945187,0.41999999999999993,0
LVX,logistic_regression,20522,4,0,0.3661571681123207,0.5099999999999999,0
LVX,logistic_regression,21304,1,0,0.15009937382361796,0.29,0
LVX,logistic_regression,21352,1,1,0.5947226497707664,0.29,1
LVX,logistic_regression,22232,0,0,0.17879833504831544,0.3499999999999999,0
LVX,logistic_regression,22265,0,1,0.4513068595525589,0.3499999999999999,1
LVX,logistic_regression,25107,4,0,0.39141111848086674,0.5099999999999999,0
LVX,logistic_regression,25112,1,0,0.13237862956848415,0.29,0
LVX,logistic_regression,25616,0,0,0.23611656268528108,0.3499999999999999,0
LVX,logistic_regression,25947,0,0,0.08505686289283396,0.3499999999999999,0
LVX,logistic_regression,27106,3,0,0.1814588115634253,0.33999999999999997,0
LVX,logistic_regression,27778,1,1,0.8731458243309282,0.29,1
LVX,logistic_regression,28183,3,1,0.24100271058956338,0.33999999999999997,0
LVX,logistic_regression,28866,4,1,0.4977791091250583,0.5099999999999999,0
LVX,logistic_regression,28880,0,0,0.15704803791345914,0.3499999999999999,0
LVX,logistic_regression,28887,3,0,0.13634213347313934,0.33999999999999997,0
LVX,logistic_regression,28893,1,0,0.11820844988571282,0.29,0
LVX,logistic_regression,365679,2,1,0.8379999283275624,0.41999999999999993,1
LVX,logistic_regression,366562,4,1,0.4943944773685502,0.5099999999999999,0
LVX,logistic_regression,368001,4,1,0.9888775727797292,0.5099999999999999,1
LVX,logistic_regression,368320,4,1,0.21757027801960027,0.5099999999999999,0
LVX,logistic_regression,371351,3,0,0.4297256429000115,0.33999999999999997,1
LVX,logistic_regression,374613,4,0,0.56825362174307,0.5099999999999999,1
LVX,logistic_regression,375436,3,1,0.34273493564067653,0.33999999999999997,1
LVX,logistic_regression,380979,2,0,0.1511422179309969,0.41999999999999993,0
LVX,logistic_regression,4111,4,0,0.14152644131414313,0.5099999999999999,0
LVX,logistic_regression,414780,1,0,0.09928940750360071,0.29,0
LVX,logistic_regression,430405,2,1,0.9255466717829509,0.41999999999999993,1
LVX,logistic_regression,430414,3,1,0.9826191242739643,0.33999999999999997,1
LVX,logistic_regression,450199,4,0,0.17894631718433895,0.5099999999999999,0
LVX,logistic_regression,468268,2,0,0.13269086943573785,0.41999999999999993,0
LVX,logistic_regression,4759,0,0,0.25345074820847435,0.3499999999999999,0
LVX,logistic_regression,479404,1,1,0.5522976569088599,0.29,1
LVX,logistic_regression,4815,3,1,0.17089936845482862,0.33999999999999997,0
LVX,logistic_regression,499958,2,0,0.21176301268285708,0.41999999999999993,0
LVX,logistic_regression,511348,2,0,0.9591891879204986,0.41999999999999993,1
LVX,logistic_regression,513382,2,0,0.1511422179309969,0.41999999999999993,0
LVX,logistic_regression,515247,1,1,0.7033733529216434,0.29,1
LVX,logistic_regression,515432,0,1,0.480342923207917,0.3499999999999999,1
LVX,logistic_regression,516635,1,0,0.30351354647570583,0.29,1
LVX,logistic_regression,517281,3,1,0.9321759904806187,0.33999999999999997,1
LVX,logistic_regression,518712,3,0,0.3919369355111617,0.33999999999999997,1
LVX,logistic_regression,526410,4,1,0.331426451207487,0.5099999999999999,0
LVX,logistic_regression,539414,0,0,0.116822643738996,0.3499999999999999,0
LVX,logistic_regression,546733,2,0,0.4887534946425704,0.41999999999999993,1
LVX,logistic_regression,560539,3,1,0.10600369369157178,0.33999999999999997,0
LVX,logistic_regression,562722,4,0,0.14152644131414313,0.5099999999999999,0
LVX,logistic_regression,564304,4,0,0.10232745716148219,0.5099999999999999,0
LVX,logistic_regression,572640,3,0,0.1401062483900231,0.33999999999999997,0
LVX,logistic_regression,5741,0,1,0.4427090648438422,0.3499999999999999,1
LVX,logistic_regression,582610,2,0,0.7397226616808823,0.41999999999999993,1
LVX,logistic_regression,583114,3,0,0.8093947125727159,0.33999999999999997,1
LVX,logistic_regression,583141,0,0,0.3783466185444281,0.3499999999999999,1
LVX,logistic_regression,591344,1,0,0.11820844988571282,0.29,0
LVX,logistic_regression,599975,0,0,0.22418677404091117,0.3499999999999999,0
LVX,logistic_regression,6031,3,0,0.3091132618717032,0.33999999999999997,0
LVX,logistic_regression,607210,2,1,0.4935995736069786,0.41999999999999993,1
LVX,logistic_regression,613682,2,1,0.979760381889038,0.41999999999999993,1
LVX,logistic_regression,614201,3,0,0.22286796891463737,0.33999999999999997,0
LVX,logistic_regression,669448,0,1,0.37548179574699414,0.3499999999999999,1
LVX,logistic_regression,669510,2,0,0.42228605054068097,0.41999999999999993,1
LVX,logistic_regression,672476,1,0,0.11820844988571282,0.29,0
LVX,logistic_regression,676980,4,0,0.14152644131414313,0.5099999999999999,0
LVX,logistic_regression,681054,2,1,0.8388124173132679,0.41999999999999993,1
LVX,logistic_regression,699478,0,0,0.13348139254290636,0.3499999999999999,0
LVX,logistic_regression,699654,1,0,0.11684566310726582,0.29,0
LVX,logistic_regression,702261,1,0,0.21418029164526475,0.29,0
LVX,logistic_regression,702325,4,0,0.30424880344699406,0.5099999999999999,0
LVX,logistic_regression,7076,1,0,0.3563473955062712,0.29,1
LVX,logistic_regression,728987,0,0,0.7305698172645793,0.3499999999999999,1
LVX,logistic_regression,730567,3,0,0.13634213347313934,0.33999999999999997,0
LVX,logistic_regression,736213,1,0,0.14675355960535388,0.29,0
LVX,logistic_regression,740795,1,1,0.622429510730738,0.29,1
LVX,logistic_regression,742743,2,0,0.22387122721154246,0.41999999999999993,0
LVX,logistic_regression,750877,4,0,0.12063686735195127,0.5099999999999999,0
LVX,logistic_regression,750999,3,0,0.3004395678112263,0.33999999999999997,0
LVX,logistic_regression,752729,2,1,0.9398255539568637,0.41999999999999993,1
LVX,logistic_regression,761403,1,1,0.9433207614342557,0.29,1
SAM,logistic_regression,13726,1,0,0.35335282485838737,0.24999999999999994,1
SAM,logistic_regression,13748,2,1,0.882832896434105,0.4699999999999999,1
SAM,logistic_regression,13761,1,1,0.9845869524648448,0.24999999999999994,1
SAM,logistic_regression,13768,3,1,0.7123756466709319,0.42999999999999994,1
SAM,logistic_regression,14444,3,0,0.4719262756174104,0.42999999999999994,1
SAM,logistic_regression,15219,2,1,0.8516297429102611,0.4699999999999999,1
SAM,logistic_regression,15687,0,1,0.8185371973364741,0.32999999999999996,1
SAM,logistic_regression,15882,1,1,0.1883812208149596,0.24999999999999994,0
SAM,logistic_regression,15937,2,1,0.19679621114014195,0.4699999999999999,0
SAM,logistic_regression,16008,0,0,0.5965352140220237,0.32999999999999996,1
SAM,logistic_regression,16233,4,0,0.15825793163617702,0.31999999999999995,0
SAM,logistic_regression,19073,4,1,0.9280367685020257,0.31999999999999995,1
SAM,logistic_regression,1912,2,0,0.21766551036768697,0.4699999999999999,0
SAM,logistic_regression,20522,0,1,0.9878760758974725,0.32999999999999996,1
SAM,logistic_regression,21304,3,1,0.38637046089047783,0.42999999999999994,0
SAM,logistic_regression,21352,1,1,0.9811653819972632,0.24999999999999994,1
SAM,logistic_regression,22232,2,1,0.9837341967023115,0.4699999999999999,1
SAM,logistic_regression,22265,4,1,0.14136788166623193,0.31999999999999995,0
SAM,logistic_regression,25107,4,1,0.6091598608128043,0.31999999999999995,1
SAM,logistic_regression,25112,0,1,0.1794522016578334,0.32999999999999996,0
SAM,logistic_regression,25616,0,1,0.6707181596322932,0.32999999999999996,1
SAM,logistic_regression,25947,1,0,0.24464482715317726,0.24999999999999994,0
SAM,logistic_regression,27106,2,0,0.10873824338351148,0.4699999999999999,0
SAM,logistic_regression,27778,1,1,0.9016105767939461,0.24999999999999994,1
SAM,logistic_regression,27989,1,1,0.9799679931992527,0.24999999999999994,1
SAM,logistic_regression,28183,3,1,0.984935097324584,0.42999999999999994,1
SAM,logistic_regression,28866,0,0,0.48864731745933976,0.32999999999999996,1
SAM,logistic_regression,28880,4,0,0.25742053861641967,0.31999999999999995,0
SAM,logistic_regression,28887,0,0,0.18358746535234877,0.32999999999999996,0
SAM,logistic_regression,28893,0,0,0.14898305879020485,0.32999999999999996,0
SAM,logistic_regression,365679,4,1,0.925698026165247,0.31999999999999995,1
SAM,logistic_regression,366562,1,1,0.9430737192836455,0.24999999999999994,1
SAM,logistic_regression,368001,4,1,0.9666604363128344,0.31999999999999995,1
SAM,logistic_regression,368320,2,1,0.9900823763815685,0.4699999999999999,1
SAM,logistic_regression,374613,2,1,0.6507356642178143,0.4699999999999999,1
SAM,logistic_regression,375436,2,1,0.36887385295947106,0.4699999999999999,0
SAM,logistic_regression,380979,2,0,0.14754768998985263,0.4699999999999999,0
SAM,logistic_regression,401050,0,1,0.9324629629184291,0.32999999999999996,1
SAM,logistic_regression,410359,4,1,0.9912964330389747,0.31999999999999995,1
SAM,logistic_regression,4111,2,0,0.18543502261451913,0.4699999999999999,0
SAM,logistic_regression,414780,4,1,0.9597915905400615,0.31999999999999995,1
SAM,logistic_regression,430405,2,1,0.7403319406945611,0.4699999999999999,1
SAM,logistic_regression,430414,2,1,0.9192128362362,0.4699999999999999,1
SAM,logistic_regression,450199,0,1,0.7459122768703433,0.32999999999999996,1
SAM,logistic_regression,4759,4,1,0.36679360715015646,0.31999999999999995,1
SAM,logistic_regression,479404,0,1,0.8729051303862976,0.32999999999999996,1
SAM,logistic_regression,4815,2,1,0.36707942926927833,0.4699999999999999,0
SAM,logistic_regression,499958,3,1,0.9743736560087061,0.42999999999999994,1
SAM,logistic_regression,511348,1,1,0.9339566199986113,0.24999999999999994,1
SAM,logistic_regression,513382,0,0,0.1452997393063915,0.32999999999999996,0
SAM,logistic_regression,515247,3,1,0.8727527123671778,0.42999999999999994,1
SAM,logistic_regression,515432,2,1,0.9369644947259278,0.4699999999999999,1
SAM,logistic_regression,516635,0,1,0.9828130159441099,0.32999999999999996,1
SAM,logistic_regression,517281,3,1,0.5880333038290347,0.42999999999999994,1
SAM,logistic_regression,518712,1,1,0.6374122707802317,0.24999999999999994,1
SAM,logistic_regression,526410,1,1,0.991254496179535,0.24999999999999994,1
SAM,logistic_regression,539414,0,1,0.9658706088744669,0.32999999999999996,1
SAM,logistic_regression,546733,1,1,0.9850319401338172,0.24999999999999994,1
SAM,logistic_regression,560539,3,1,0.9551811285653221,0.42999999999999994,1
SAM,logistic_regression,5613,0,1,0.9808876456900035,0.32999999999999996,1
SAM,logistic_regression,562722,0,0,0.18358746535234877,0.32999999999999996,0
SAM,logistic_regression,564304,1,1,0.971018435947142,0.24999999999999994,1
SAM,logistic_regression,572640,0,1,0.19266462450323077,0.32999999999999996,0
SAM,logistic_regression,5741,1,1,0.5487311078144331,0.24999999999999994,1
SAM,logistic_regression,581745,2,1,0.7974499637347098,0.4699999999999999,1
SAM,logistic_regression,582610,0,1,0.852220304407253,0.32999999999999996,1
SAM,logistic_regression,583114,4,0,0.7957845686836977,0.31999999999999995,1
SAM,logistic_regression,583141,1,1,0.9854014001997271,0.24999999999999994,1
SAM,logistic_regression,5881,0,1,0.9690757623433217,0.32999999999999996,1
SAM,logistic_regression,591344,4,1,0.15825793163617702,0.31999999999999995,0
SAM,logistic_regression,599975,2,1,0.9767325105580779,0.4699999999999999,1
SAM,logistic_regression,6031,0,1,0.9806059939090467,0.32999999999999996,1
SAM,logistic_regression,607210,3,1,0.3212741896748477,0.42999999999999994,0
SAM,logistic_regression,613682,3,1,0.970627353445019,0.42999999999999994,1
SAM,logistic_regression,614201,3,1,0.23989107130916476,0.42999999999999994,0
SAM,logistic_regression,669448,3,1,0.9714186904012528,0.42999999999999994,1
SAM,logistic_regression,669510,3,1,0.3265299253929532,0.42999999999999994,0
SAM,logistic_regression,672476,3,0,0.24484550382424528,0.42999999999999994,0
SAM,logistic_regression,676980,4,0,0.15562818043661777,0.31999999999999995,0
SAM,logistic_regression,6778,3,1,0.9845267111181089,0.42999999999999994,1
SAM,logistic_regression,680172,3,0,0.42970103242951346,0.42999999999999994,0
SAM,logistic_regression,681054,4,1,0.9968085329386029,0.31999999999999995,1
SAM,logistic_regression,699478,4,0,0.19330659922575733,0.31999999999999995,0
SAM,logistic_regression,699654,3,0,0.15920040017430007,0.42999999999999994,0
SAM,logistic_regression,702261,4,1,0.9842033042143304,0.31999999999999995,1
SAM,logistic_regression,702325,1,1,0.752891780051137,0.24999999999999994,1
SAM,logistic_regression,7076,4,1,0.9892025038538972,0.31999999999999995,1
SAM,logistic_regression,728987,2,1,0.6262779757134663,0.4699999999999999,1
SAM,logistic_regression,730567,1,0,0.1744856067825897,0.24999999999999994,0
SAM,logistic_regression,731029,4,1,0.6271357923273086,0.31999999999999995,1
SAM,logistic_regression,736213,1,0,0.1744856067825897,0.24999999999999994,0
SAM,logistic_regression,740795,3,1,0.566930545204134,0.42999999999999994,1
SAM,logistic_regression,742743,2,0,0.20792517766533986,0.4699999999999999,0
SAM,logistic_regression,750877,3,0,0.24484550382424528,0.42999999999999994,0
SAM,logistic_regression,750999,1,0,0.15101358612796112,0.24999999999999994,0
SAM,logistic_regression,752729,1,1,0.9728798065250575,0.24999999999999994,1
SAM,logistic_regression,761403,4,1,0.8660031054615551,0.31999999999999995,1
ETP,logistic_regression,13726,0,0,0.06605427984692985,0.5099999999999999,0
ETP,logistic_regression,13748,0,1,0.3119020939021263,0.5099999999999999,0
ETP,logistic_regression,13761,2,1,0.6568496606812755,0.49999999999999994,1
ETP,logistic_regression,13768,1,1,0.5594137827180251,0.5499999999999999,1
ETP,logistic_regression,14444,2,0,0.09319853307139414,0.49999999999999994,0
ETP,logistic_regression,15219,0,0,0.1246413072571878,0.5099999999999999,0
ETP,logistic_regression,15687,0,0,0.7866564905457085,0.5099999999999999,1
ETP,logistic_regression,15882,2,0,0.08507480727869755,0.49999999999999994,0
ETP,logistic_regression,15937,3,0,0.1853480250387019,0.33999999999999997,0
ETP,logistic_regression,16008,4,0,0.3717000405288177,0.4799999999999999,0
ETP,logistic_regression,16233,3,0,0.10281000932643129,0.33999999999999997,0
ETP,logistic_regression,18411,3,0,0.10281000932643129,0.33999999999999997,0
ETP,logistic_regression,19073,1,0,0.05519624152254149,0.5499999999999999,0
ETP,logistic_regression,1912,4,0,0.07097699087978065,0.4799999999999999,0
ETP,logistic_regression,20522,4,0,0.311204483517016,0.4799999999999999,0
ETP,logistic_regression,21304,1,0,0.0757416120900194,0.5499999999999999,0
ETP,logistic_regression,21352,0,0,0.6345425026509701,0.5099999999999999,1
ETP,logistic_regression,22232,3,0,0.08551663252278047,0.33999999999999997,0
ETP,logistic_regression,22265,2,0,0.2555109668689171,0.49999999999999994,0
ETP,logistic_regression,25107,0,0,0.1225733732857916,0.5099999999999999,0
ETP,logistic_regression,25112,0,0,0.05364223978437419,0.5099999999999999,0
ETP,logistic_regression,25616,2,0,0.1581962668899597,0.49999999999999994,0
ETP,logistic_regression,25947,1,0,0.09318084160171682,0.5499999999999999,0
ETP,logistic_regression,27106,1,0,0.06540820779147476,0.5499999999999999,0
ETP,logistic_regression,27778,2,0,0.3140960679009909,0.49999999999999994,0
ETP,logistic_regression,27989,2,0,0.19761841102881744,0.49999999999999994,0
ETP,logistic_regression,28183,1,0,0.259164802137864,0.5499999999999999,0
ETP,logistic_regression,28866,4,0,0.34909855487122954,0.4799999999999999,0
ETP,logistic_regression,28880,3,0,0.20409019275985826,0.33999999999999997,0
ETP,logistic_regression,28887,2,0,0.09299700950158157,0.49999999999999994,0
ETP,logistic_regression,28893,0,0,0.08485896775551334,0.5099999999999999,0
ETP,logistic_regression,365679,2,1,0.8402379079124869,0.49999999999999994,1
ETP,logistic_regression,366562,1,1,0.4213670119910033,0.5499999999999999,0
ETP,logistic_regression,368001,0,1,0.9823052091064081,0.5099999999999999,1
ETP,logistic_regression,368320,0,1,0.5286853419361391,0.5099999999999999,1
ETP,logistic_regression,371351,4,0,0.14550972643870452,0.4799999999999999,0
ETP,logistic_regression,374613,2,0,0.3127914787535824,0.49999999999999994,0
ETP,logistic_regression,375436,2,1,0.32973532481340967,0.49999999999999994,0
ETP,logistic_regression,380979,4,0,0.10898422084295065,0.4799999999999999,0
ETP,logistic_regression,401050,3,0,0.10251928988552757,0.33999999999999997,0
ETP,logistic_regression,410359,4,0,0.3646404518789305,0.4799999999999999,0
ETP,logistic_regression,4111,1,0,0.09327632926394991,0.5499999999999999,0
ETP,logistic_regression,414780,4,0,0.11613840886278615,0.4799999999999999,0
ETP,logistic_regression,430405,1,1,0.8265542896335513,0.5499999999999999,1
ETP,logistic_regression,430414,2,1,0.943379090665258,0.49999999999999994,1
ETP,logistic_regression,450199,1,0,0.07079323335026698,0.5499999999999999,0
ETP,logistic_regression,468268,2,0,0.1802360929389233,0.49999999999999994,0
ETP,logistic_regression,4759,0,0,0.17759668911540202,0.5099999999999999,0
ETP,logistic_regression,479404,1,1,0.608612463996929,0.5499999999999999,1
ETP,logistic_regression,4815,3,0,0.3263238500909635,0.33999999999999997,0
ETP,logistic_regression,499958,0,0,0.20753644102293073,0.5099999999999999,0
ETP,logistic_regression,511348,3,1,0.3655459210526157,0.33999999999999997,1
ETP,logistic_regression,513382,1,0,0.08853842302985002,0.5499999999999999,0
ETP,logistic_regression,515247,0,1,0.9264301479664958,0.5099999999999999,1
ETP,logistic_regression,515432,2,0,0.28958958614125235,0.49999999999999994,0
ETP,logistic_regression,516635,0,0,0.32564131937978286,0.5099999999999999,0
ETP,logistic_regression,517281,4,1,0.9340599411276507,0.4799999999999999,1
ETP,logistic_regression,518712,4,0,0.41134788932604555,0.4799999999999999,0
ETP,logistic_regression,526410,3,1,0.6904070946506067,0.33999999999999997,1
ETP,logistic_regression,539414,0,0,0.1302466450515624,0.5099999999999999,0
ETP,logistic_regression,546733,2,0,0.3242633339985618,0.49999999999999994,0
ETP,logistic_regression,560539,4,1,0.13981521596848448,0.4799999999999999,0
ETP,logistic_regression,5613,4,0,0.46321072688410225,0.4799999999999999,0
ETP,logistic_regression,562722,3,0,0.11828094628547675,0.33999999999999997,0
ETP,logistic_regression,564304,3,0,0.1926067760361076,0.33999999999999997,0
ETP,logistic_regression,572640,4,0,0.1734240661655546,0.4799999999999999,0
ETP,logistic_regression,5741,0,0,0.15811106933992172,0.5099999999999999,0
ETP,logistic_regression,581745,1,1,0.5007614081302889,0.5499999999999999,0
ETP,logistic_regression,582610,1,0,0.6899302804075214,0.5499999999999999,1
ETP,logistic_regression,583114,2,0,0.20531626867118413,0.49999999999999994,0
ETP,logistic_regression,583141,1,0,0.263645914577657,0.5499999999999999,0
ETP,logistic_regression,5881,3,0,0.3693415893741989,0.33999999999999997,1
ETP,logistic_regression,591344,1,0,0.05940912196836303,0.5499999999999999,0
ETP,logistic_regression,599975,2,0,0.21692707922718693,0.49999999999999994,0
ETP,logistic_regression,6031,4,0,0.3464650018016832,0.4799999999999999,0
ETP,logistic_regression,607210,3,0,0.15802851050719113,0.33999999999999997,0
ETP,logistic_regression,613682,4,1,0.7196954816043988,0.4799999999999999,1
ETP,logistic_regression,614201,0,0,0.25315819287909364,0.5099999999999999,0
ETP,logistic_regression,669448,3,1,0.1940961211018137,0.33999999999999997,0
ETP,logistic_regression,672476,2,0,0.07386055730397163,0.49999999999999994,0
ETP,logistic_regression,676980,4,0,0.11612028721887761,0.4799999999999999,0
ETP,logistic_regression,6778,3,0,0.2034223751875488,0.33999999999999997,0
ETP,logistic_regression,680172,4,0,0.12706485839462575,0.4799999999999999,0
ETP,logistic_regression,681054,3,1,0.45077319136333227,0.33999999999999997,1
ETP,logistic_regression,699478,2,0,0.107655451433372,0.49999999999999994,0
ETP,logistic_regression,699654,1,0,0.12456062919633415,0.5499999999999999,0
ETP,logistic_regression,702261,0,0,0.16164691688784658,0.5099999999999999,0
ETP,logistic_regression,702325,3,0,0.06849321709014677,0.33999999999999997,0
ETP,logistic_regression,7076,1,0,0.36018489436840895,0.5499999999999999,0
ETP,logistic_regression,728987,0,0,0.1745073952454517,0.5099999999999999,0
ETP,logistic_regression,730567,1,0,0.09327632926394991,0.5499999999999999,0
ETP,logistic_regression,731029,1,0,0.4560900508457511,0.5499999999999999,0
ETP,logistic_regression,736213,3,0,0.11828094628547675,0.33999999999999997,0
ETP,logistic_regression,740795,2,1,0.5991319351686063,0.49999999999999994,1
ETP,logistic_regression,742743,4,0,0.16299446988994848,0.4799999999999999,0
ETP,logistic_regression,750877,0,0,0.08485896775551334,0.5099999999999999,0
ETP,logistic_regression,750999,3,0,0.17775763664037705,0.33999999999999997,0
ETP,logistic_regression,752729,3,1,0.6703495013613845,0.33999999999999997,1
ETP,logistic_regression,761403,4,1,0.6989424344723206,0.4799999999999999,1
MEM,logistic_regression,13726,0,0,0.09213264253650752,0.5199999999999999,0
MEM,logistic_regression,13748,0,1,0.2411728273202185,0.5199999999999999,0
MEM,logistic_regression,13761,2,1,0.5184212046171086,0.4699999999999999,1
MEM,logistic_regression,13768,1,1,0.590200171566333,0.24999999999999994,1
MEM,logistic_regression,14444,2,0,0.08855222343841668,0.4699999999999999,0
MEM,logistic_regression,15219,0,0,0.12965274738366045,0.5199999999999999,0
MEM,logistic_regression,15687,0,0,0.8126249801062408,0.5199999999999999,1
MEM,logistic_regression,15882,2,0,0.08683308578007934,0.4699999999999999,0
MEM,logistic_regression,15937,3,0,0.0798340105696261,0.49999999999999994,0
MEM,logistic_regression,16008,4,0,0.37056823236951925,0.38999999999999996,0
MEM,logistic_regression,16233,3,0,0.07842105835658875,0.49999999999999994,0
MEM,logistic_regression,18411,3,0,0.07842105835658875,0.49999999999999994,0
MEM,logistic_regression,19073,1,0,0.055879817125621525,0.24999999999999994,0
MEM,logistic_regression,1912,4,0,0.1050336731851611,0.38999999999999996,0
MEM,logistic_regression,20522,4,0,0.4786570250822701,0.38999999999999996,1
MEM,logistic_regression,21304,1,0,0.0832392542651055,0.24999999999999994,0
MEM,logistic_regression,21352,0,0,0.6554301143990998,0.5199999999999999,1
MEM,logistic_regression,22232,3,0,0.15184458956620275,0.49999999999999994,0
MEM,logistic_regression,22265,2,0,0.35825906113007805,0.4699999999999999,0
MEM,logistic_regression,25107,0,0,0.1450573901166649,0.5199999999999999,0
MEM,logistic_regression,25112,0,0,0.058427662894779436,0.5199999999999999,0
MEM,logistic_regression,25616,2,0,0.267954212752543,0.4699999999999999,0
MEM,logistic_regression,25947,1,0,0.11824106813733233,0.24999999999999994,0
MEM,logistic_regression,27106,1,0,0.07313869211342071,0.24999999999999994,0
MEM,logistic_regression,27778,2,0,0.371154512890165,0.4699999999999999,0
MEM,logistic_regression,27989,2,0,0.1576575159793303,0.4699999999999999,0
MEM,logistic_regression,28183,1,0,0.31807463597229396,0.24999999999999994,1
MEM,logistic_regression,28866,4,0,0.27656036373752085,0.38999999999999996,0
MEM,logistic_regression,28880,3,0,0.22434074439933488,0.49999999999999994,0
MEM,logistic_regression,28887,2,0,0.0973926469214689,0.4699999999999999,0
MEM,logistic_regression,28893,0,0,0.09195216501815845,0.5199999999999999,0
MEM,logistic_regression,365679,2,1,0.7702865417597734,0.4699999999999999,1
MEM,logistic_regression,366562,1,1,0.465780998697918,0.24999999999999994,1
MEM,logistic_regression,368001,0,1,0.971701459767122,0.5199999999999999,1
MEM,logistic_regression,368320,0,1,0.48708294655492756,0.5199999999999999,0
MEM,logistic_regression,371351,4,0,0.24705174219439355,0.38999999999999996,0
MEM,logistic_regression,374613,2,0,0.30689481742739755,0.4699999999999999,0
MEM,logistic_regression,375436,2,1,0.3528354041838731,0.4699999999999999,0
MEM,logistic_regression,380979,4,0,0.10775469615614909,0.38999999999999996,0
MEM,logistic_regression,401050,3,0,0.14225539103928164,0.49999999999999994,0
MEM,logistic_regression,410359,4,0,0.24112308486875111,0.38999999999999996,0
MEM,logistic_regression,4111,1,0,0.10466137053176937,0.24999999999999994,0
MEM,logistic_regression,414780,4,0,0.12046116170239383,0.38999999999999996,0
MEM,logistic_regression,430405,1,1,0.8629118861462917,0.24999999999999994,1
MEM,logistic_regression,430414,2,1,0.9457851187833138,0.4699999999999999,1
MEM,logistic_regression,450199,1,0,0.06719162843595107,0.24999999999999994,0
MEM,logistic_regression,468268,2,0,0.15732572558390945,0.4699999999999999,0
MEM,logistic_regression,4759,0,0,0.22237521390043963,0.5199999999999999,0
MEM,logistic_regression,479404,1,1,0.5507956367024707,0.24999999999999994,1
MEM,logistic_regression,4815,3,0,0.2148394927482134,0.49999999999999994,0
MEM,logistic_regression,499958,0,0,0.20043200167344546,0.5199999999999999,0
MEM,logistic_regression,511348,4,1,0.6538581079046424,0.38999999999999996,1
MEM,logistic_regression,513382,1,0,0.0988833688721678,0.24999999999999994,0
MEM,logistic_regression,515247,0,1,0.9076970248750077,0.5199999999999999,1
MEM,logistic_regression,515432,2,0,0.25493283492384267,0.4699999999999999,0
MEM,logistic_regression,516635,0,0,0.3065268869269235,0.5199999999999999,0
MEM,logistic_regression,517281,4,1,0.9658422051743651,0.38999999999999996,1
MEM,logistic_regression,518712,4,0,0.23665998808567026,0.38999999999999996,0
MEM,logistic_regression,539414,0,0,0.13074418679983407,0.5199999999999999,0
MEM,logistic_regression,546733,2,0,0.24910077090050395,0.4699999999999999,0
MEM,logistic_regression,560539,3,1,0.15902487230826493,0.49999999999999994,0
MEM,logistic_regression,5613,4,0,0.4810195312393273,0.38999999999999996,1
MEM,logistic_regression,562722,3,0,0.114731075326722,0.49999999999999994,0
MEM,logistic_regression,564304,3,0,0.2467932448329463,0.49999999999999994,0
MEM,logistic_regression,572640,4,0,0.1958392947664731,0.38999999999999996,0
MEM,logistic_regression,5741,0,0,0.15126056344940378,0.5199999999999999,0
MEM,logistic_regression,582610,1,0,0.7364902694343493,0.24999999999999994,1
MEM,logistic_regression,583114,2,0,0.23839339732690165,0.4699999999999999,0
MEM,logistic_regression,583141,1,0,0.21916778560963807,0.24999999999999994,0
MEM,logistic_regression,5881,3,0,0.28480825060618814,0.49999999999999994,0
MEM,logistic_regression,591344,1,0,0.06718070070118068,0.24999999999999994,0
MEM,logistic_regression,599975,2,0,0.20517943408788591,0.4699999999999999,0
MEM,logistic_regression,6031,4,0,0.24419416627481025,0.38999999999999996,0
MEM,logistic_regression,607210,3,0,0.14716698536522785,0.49999999999999994,0
MEM,logistic_regression,613682,1,1,0.7609436221394424,0.24999999999999994,1
MEM,logistic_regression,614201,0,0,0.24677776677050747,0.5199999999999999,0
MEM,logistic_regression,669448,4,1,0.3175471044211928,0.38999999999999996,0
MEM,logistic_regression,669510,3,1,0.14225177402344777,0.49999999999999994,0
MEM,logistic_regression,672476,2,0,0.07873099961072175,0.4699999999999999,0
MEM,logistic_regression,676980,4,0,0.1146492269430318,0.38999999999999996,0
MEM,logistic_regression,6778,3,0,0.31195765854275037,0.49999999999999994,0
MEM,logistic_regression,680172,4,0,0.10485724849679319,0.38999999999999996,0
MEM,logistic_regression,681054,3,1,0.554973199449105,0.49999999999999994,1
MEM,logistic_regression,699478,2,0,0.11805066587470651,0.4699999999999999,0
MEM,logistic_regression,699654,1,0,0.15577470559882478,0.24999999999999994,0
MEM,logistic_regression,702261,0,0,0.15108640352938119,0.5199999999999999,0
MEM,logistic_regression,702325,3,0,0.06201841360941242,0.49999999999999994,0
MEM,logistic_regression,7076,1,0,0.2442457569403859,0.24999999999999994,0
MEM,logistic_regression,728987,0,0,0.18565555164933514,0.5199999999999999,0
MEM,logistic_regression,730567,1,0,0.10466137053176937,0.24999999999999994,0
MEM,logistic_regression,731029,1,0,0.5072592366395157,0.24999999999999994,1
MEM,logistic_regression,736213,3,0,0.114731075326722,0.49999999999999994,0
MEM,logistic_regression,740795,2,1,0.5328223454015037,0.4699999999999999,1
MEM,logistic_regression,742743,4,0,0.14961002332260873,0.38999999999999996,0
MEM,logistic_regression,750877,0,0,0.09195216501815845,0.5199999999999999,0
MEM,logistic_regression,750999,3,0,0.1883114385225426,0.49999999999999994,0
MEM,logistic_regression,752729,3,1,0.49232387240430825,0.49999999999999994,0
MEM,logistic_regression,761403,4,1,0.8621085969787688,0.38999999999999996,1
IPM,logistic_regression,13726,0,0,0.09721733646786525,0.5499999999999999,0
IPM,logistic_regression,13748,0,1,0.25833665182699506,0.5499999999999999,0
IPM,logistic_regression,13761,1,1,0.4618619669393847,0.4599999999999999,1
IPM,logistic_regression,13768,0,1,0.5920173034125188,0.5499999999999999,1
IPM,logistic_regression,14444,2,0,0.11520985071403848,0.48999999999999994,0
IPM,logistic_regression,15219,0,0,0.14932772046263781,0.5499999999999999,0
IPM,logistic_regression,15687,0,0,0.7739822261669583,0.5499999999999999,1
IPM,logistic_regression,15882,2,0,0.10279792894463576,0.48999999999999994,0
IPM,logistic_regression,15937,3,0,0.13584913045367852,0.58,0
IPM,logistic_regression,16008,4,0,0.3576433053259997,0.41999999999999993,0
IPM,logistic_regression,16233,3,0,0.11698352824593565,0.58,0
IPM,logistic_regression,18411,3,0,0.11698352824593565,0.58,0
IPM,logistic_regression,19073,1,0,0.056079983967300025,0.4599999999999999,0
IPM,logistic_regression,1912,4,0,0.1028361384616636,0.41999999999999993,0
IPM,logistic_regression,20522,4,0,0.433241050187974,0.41999999999999993,1
IPM,logistic_regression,21304,1,0,0.09023470979087764,0.4599999999999999,0
IPM,logistic_regression,21352,0,0,0.6065233221601727,0.5499999999999999,1
IPM,logistic_regression,22232,3,0,0.15769225044440702,0.58,0
IPM,logistic_regression,22265,2,0,0.3193818383319706,0.48999999999999994,0
IPM,logistic_regression,25107,0,0,0.15563143952082698,0.5499999999999999,0
IPM,logistic_regression,25112,0,0,0.05416104148680413,0.5499999999999999,0
IPM,logistic_regression,25616,2,0,0.17758948865732888,0.48999999999999994,0
IPM,logistic_regression,25947,1,0,0.12998441720900547,0.4599999999999999,0
IPM,logistic_regression,27106,1,0,0.06975162743147088,0.4599999999999999,0
IPM,logistic_regression,27778,2,0,0.33847269521940454,0.48999999999999994,0
IPM,logistic_regression,27989,2,0,0.11366836270489734,0.48999999999999994,0
IPM,logistic_regression,28183,1,0,0.15255360310675448,0.4599999999999999,0
IPM,logistic_regression,28866,4,0,0.41187936221962757,0.41999999999999993,0
IPM,logistic_regression,28880,3,0,0.1780269700156844,0.58,0
IPM,logistic_regression,28887,2,0,0.11233610416613397,0.48999999999999994,0
IPM,logistic_regression,28893,0,0,0.08272998595775245,0.5499999999999999,0
IPM,logistic_regression,365679,4,1,0.6788971657716361,0.41999999999999993,1
IPM,logistic_regression,368001,0,1,0.9700991919531388,0.5499999999999999,1
IPM,logistic_regression,371351,4,0,0.3703198567044332,0.41999999999999993,0
IPM,logistic_regression,374613,2,0,0.315591483801177,0.48999999999999994,0
IPM,logistic_regression,375436,4,1,0.188297383441693,0.41999999999999993,0
IPM,logistic_regression,380979,4,0,0.0976156461388897,0.41999999999999993,0
IPM,logistic_regression,401050,3,0,0.14426562330506737,0.58,0
IPM,logistic_regression,410359,4,0,0.2598863737767964,0.41999999999999993,0
IPM,logistic_regression,4111,1,0,0.10350756114249586,0.4599999999999999,0
IPM,logistic_regression,414780,4,0,0.15623868303580807,0.41999999999999993,0
IPM,logistic_regression,430405,3,1,0.6153256826346337,0.58,1
IPM,logistic_regression,430414,1,1,0.9212181470723284,0.4599999999999999,1
IPM,logistic_regression,450199,1,0,0.09538795186647125,0.4599999999999999,0
IPM,logistic_regression,468268,2,0,0.19132348432922341,0.48999999999999994,0
IPM,logistic_regression,4759,0,0,0.25088741976932305,0.5499999999999999,0
IPM,logistic_regression,479404,2,1,0.520656025364445,0.48999999999999994,1
IPM,logistic_regression,4815,3,0,0.4041229610872944,0.58,0
IPM,logistic_regression,499958,0,0,0.1997803546248106,0.5499999999999999,0
IPM,logistic_regression,513382,1,0,0.09791208790185972,0.4599999999999999,0
IPM,logistic_regression,515247,0,1,0.9127351842297727,0.5499999999999999,1
IPM,logistic_regression,515432,2,0,0.305463851826515,0.48999999999999994,0
IPM,logistic_regression,516635,0,0,0.31823579050402667,0.5499999999999999,0
IPM,logistic_regression,517281,4,1,0.6728557302544572,0.41999999999999993,1
IPM,logistic_regression,518712,4,0,0.16438382129707874,0.41999999999999993,0
IPM,logistic_regression,539414,0,0,0.12381191761317036,0.5499999999999999,0
IPM,logistic_regression,546733,2,0,0.2517976763387336,0.48999999999999994,0
IPM,logistic_regression,560539,2,1,0.11893592446679031,0.48999999999999994,0
IPM,logistic_regression,5613,4,0,0.4282428767645456,0.41999999999999993,1
IPM,logistic_regression,562722,3,0,0.14282812277809903,0.58,0
IPM,logistic_regression,564304,3,0,0.24794169390952037,0.58,0
IPM,logistic_regression,572640,4,0,0.13732730190195216,0.41999999999999993,0
IPM,logistic_regression,5741,0,0,0.12990004590358353,0.5499999999999999,0
IPM,logistic_regression,581745,2,1,0.24712097488074938,0.48999999999999994,0
IPM,logistic_regression,582610,1,0,0.8292379695816138,0.4599999999999999,1
IPM,logistic_regression,583114,2,0,0.2192009489614107,0.48999999999999994,0
IPM,logistic_regression,583141,1,0,0.1030662580852833,0.4599999999999999,0
IPM,logistic_regression,5881,3,0,0.17028109528708973,0.58,0
IPM,logistic_regression,591344,1,0,0.09205551806641035,0.4599999999999999,0
IPM,logistic_regression,599975,2,0,0.16997298224845578,0.48999999999999994,0
IPM,logistic_regression,6031,4,0,0.28870336834423344,0.41999999999999993,0
IPM,logistic_regression,607210,3,0,0.20648898451045924,0.58,0
IPM,logistic_regression,613682,2,1,0.6880738383813837,0.48999999999999994,1
IPM,logistic_regression,614201,0,0,0.2458785740787109,0.5499999999999999,0
IPM,logistic_regression,669448,1,1,0.12792372237082394,0.4599999999999999,0
IPM,logistic_regression,669510,1,1,0.1675056940341854,0.4599999999999999,0
IPM,logistic_regression,672476,2,0,0.07435359419559982,0.48999999999999994,0
IPM,logistic_regression,676980,4,0,0.10317896513423533,0.41999999999999993,0
IPM,logistic_regression,6778,3,0,0.2432646805672264,0.58,0
IPM,logistic_regression,680172,4,0,0.08199468213886273,0.41999999999999993,0
IPM,logistic_regression,681054,3,1,0.4224326419097026,0.58,0
IPM,logistic_regression,699478,2,0,0.15023481764609495,0.48999999999999994,0
IPM,logistic_regression,699654,1,0,0.14889219841285034,0.4599999999999999,0
IPM,logistic_regression,702261,0,0,0.13826338528118837,0.5499999999999999,0
IPM,logistic_regression,702325,3,0,0.055476697448858074,0.58,0
IPM,logistic_regression,7076,1,0,0.3600153583414865,0.4599999999999999,0
IPM,logistic_regression,728987,0,0,0.25311165649432055,0.5499999999999999,0
IPM,logistic_regression,730567,1,0,0.10350756114249586,0.4599999999999999,0
IPM,logistic_regression,731029,1,0,0.5932797490542675,0.4599999999999999,1
IPM,logistic_regression,736213,3,0,0.14282812277809903,0.58,0
IPM,logistic_regression,740795,4,1,0.7071991588482754,0.41999999999999993,1
IPM,logistic_regression,742743,4,0,0.14995064892013116,0.41999999999999993,0
IPM,logistic_regression,750877,0,0,0.08272998595775245,0.5499999999999999,0
IPM,logistic_regression,750999,3,0,0.1819053933808179,0.58,0
IPM,logistic_regression,752729,3,1,0.6621060469212726,0.58,1
IPM,logistic_regression,761403,3,1,0.7146472328714756,0.58,1
